timestamp,station_id,station_name,city_name,url,latitude,longitude,aqi,co,temperature,wind,atmospheric_pressure,humidity,pm25,pm10,o3,no2
2025-03-06 10:00:00,13688,"Cao Bằng/Phường Đề Thám , TP. Cao Bằng, Vietnam",Cao Bằng,https://aqicn.org/city/vietnam/cao-bang/phuong-de-tham---tp.-cao-bang,22.67953,106.215361,6,3,15.5,1,993.1,64.4,5,6,7,13
2025-03-06 10:00:00,13252,"Cao Bằng/Trạm khí TTQT, Vietnam",Cao Bằng,https://aqicn.org/city/vietnam/cao-bang/tram-khi-ttqt,22.6782,106.245,38,N/A,15.5,1,993.1,64.4,24,38,3,4
2025-03-06 11:00:00,13688,"Cao Bằng/Phường Đề Thám , TP. Cao Bằng, Vietnam",Cao Bằng,https://aqicn.org/city/vietnam/cao-bang/phuong-de-tham---tp.-cao-bang,22.67953,106.215361,6,3,17,3,994.4,52.5,6,6,9,11
2025-03-06 11:00:00,13252,"Cao Bằng/Trạm khí TTQT, Vietnam",Cao Bằng,https://aqicn.org/city/vietnam/cao-bang/tram-khi-ttqt,22.6782,106.245,36,N/A,17,3,994.4,52.5,25,36,7,5
2025-03-06 12:00:00,13688,"Cao Bằng/Phường Đề Thám , TP. Cao Bằng, Vietnam",Cao Bằng,https://aqicn.org/city/vietnam/cao-bang/phuong-de-tham---tp.-cao-bang,22.67953,106.215361,6,3,17,3,994.4,52.5,5,6,11,8
2025-03-06 11:00:00,13252,"Cao Bằng/Trạm khí TTQT, Vietnam",Cao Bằng,https://aqicn.org/city/vietnam/cao-bang/tram-khi-ttqt,22.6782,106.245,36,N/A,17,3,994.4,52.5,25,36,7,5
2025-03-06 13:00:00,13688,"Cao Bằng/Phường Đề Thám , TP. Cao Bằng, Vietnam",Cao Bằng,https://aqicn.org/city/vietnam/cao-bang/phuong-de-tham---tp.-cao-bang,22.67953,106.215361,5,3,17,3,994.4,52.5,5,5,15,7
2025-03-06 13:00:00,13252,"Cao Bằng/Trạm khí TTQT, Vietnam",Cao Bằng,https://aqicn.org/city/vietnam/cao-bang/tram-khi-ttqt,22.6782,106.245,38,N/A,17,3,994.4,52.5,28,38,12,3
2025-03-06 14:00:00,13688,"Cao Bằng/Phường Đề Thám , TP. Cao Bằng, Vietnam",Cao Bằng,https://aqicn.org/city/vietnam/cao-bang/phuong-de-tham---tp.-cao-bang,22.67953,106.215361,4,3,18.8,2,992.3,48.8,4,4,16,6
2025-03-06 14:00:00,13252,"Cao Bằng/Trạm khí TTQT, Vietnam",Cao Bằng,https://aqicn.org/city/vietnam/cao-bang/tram-khi-ttqt,22.6782,106.245,39,N/A,18.8,2,992.3,48.8,29,39,7,5
2025-03-06 15:00:00,13688,"Cao Bằng/Phường Đề Thám , TP. Cao Bằng, Vietnam",Cao Bằng,https://aqicn.org/city/vietnam/cao-bang/phuong-de-tham---tp.-cao-bang,22.67953,106.215361,4,3,18.8,2,992.3,48.8,4,4,16,6
2025-03-06 15:00:00,13252,"Cao Bằng/Trạm khí TTQT, Vietnam",Cao Bằng,https://aqicn.org/city/vietnam/cao-bang/tram-khi-ttqt,22.6782,106.245,38,N/A,18.8,2,992.3,48.8,27,38,5,7
2025-03-06 16:00:00,13688,"Cao Bằng/Phường Đề Thám , TP. Cao Bằng, Vietnam",Cao Bằng,https://aqicn.org/city/vietnam/cao-bang/phuong-de-tham---tp.-cao-bang,22.67953,106.215361,5,3,18.8,2,992.3,48.8,5,4,16,7
2025-03-06 16:00:00,13252,"Cao Bằng/Trạm khí TTQT, Vietnam",Cao Bằng,https://aqicn.org/city/vietnam/cao-bang/tram-khi-ttqt,22.6782,106.245,38,N/A,18.8,2,992.3,48.8,26,38,4,6
2025-03-06 17:00:00,13688,"Cao Bằng/Phường Đề Thám , TP. Cao Bằng, Vietnam",Cao Bằng,https://aqicn.org/city/vietnam/cao-bang/phuong-de-tham---tp.-cao-bang,22.67953,106.215361,5,4,17.8,2,990.4,50.9,5,5,15,8
2025-03-06 17:00:00,13252,"Cao Bằng/Trạm khí TTQT, Vietnam",Cao Bằng,https://aqicn.org/city/vietnam/cao-bang/tram-khi-ttqt,22.6782,106.245,40,N/A,17.8,2,990.4,50.9,26,40,7,6
2025-03-06 17:00:00,13688,"Cao Bằng/Phường Đề Thám , TP. Cao Bằng, Vietnam",Cao Bằng,https://aqicn.org/city/vietnam/cao-bang/phuong-de-tham---tp.-cao-bang,22.67953,106.215361,5,4,17.8,2,990.4,50.9,5,5,15,8
2025-03-06 18:00:00,13252,"Cao Bằng/Trạm khí TTQT, Vietnam",Cao Bằng,https://aqicn.org/city/vietnam/cao-bang/tram-khi-ttqt,22.6782,106.245,40,N/A,17.8,2,990.4,50.9,26,40,4,8
2025-03-06 18:00:00,13688,"Cao Bằng/Phường Đề Thám , TP. Cao Bằng, Vietnam",Cao Bằng,https://aqicn.org/city/vietnam/cao-bang/phuong-de-tham---tp.-cao-bang,22.67953,106.215361,5,3,17.8,2,990.4,50.9,5,4,17,9
2025-03-06 19:00:00,13252,"Cao Bằng/Trạm khí TTQT, Vietnam",Cao Bằng,https://aqicn.org/city/vietnam/cao-bang/tram-khi-ttqt,22.6782,106.245,39,N/A,17.8,2,990.4,50.9,24,39,5,7
2025-03-06 20:00:00,13688,"Cao Bằng/Phường Đề Thám , TP. Cao Bằng, Vietnam",Cao Bằng,https://aqicn.org/city/vietnam/cao-bang/phuong-de-tham---tp.-cao-bang,22.67953,106.215361,5,3,16,1,992.6,52.6,5,4,17,8
2025-03-06 20:00:00,13252,"Cao Bằng/Trạm khí TTQT, Vietnam",Cao Bằng,https://aqicn.org/city/vietnam/cao-bang/tram-khi-ttqt,22.6782,106.245,39,N/A,16,1,992.6,52.6,27,39,6,6
2025-03-06 21:00:00,13688,"Cao Bằng/Phường Đề Thám , TP. Cao Bằng, Vietnam",Cao Bằng,https://aqicn.org/city/vietnam/cao-bang/phuong-de-tham---tp.-cao-bang,22.67953,106.215361,5,3,16,1,992.6,52.6,5,4,16,7
2025-03-06 20:00:00,13252,"Cao Bằng/Trạm khí TTQT, Vietnam",Cao Bằng,https://aqicn.org/city/vietnam/cao-bang/tram-khi-ttqt,22.6782,106.245,39,N/A,16,1,992.6,52.6,27,39,6,6
2025-03-06 22:00:00,13688,"Cao Bằng/Phường Đề Thám , TP. Cao Bằng, Vietnam",Cao Bằng,https://aqicn.org/city/vietnam/cao-bang/phuong-de-tham---tp.-cao-bang,22.67953,106.215361,5,3,16,1,992.6,52.6,5,4,17,6
2025-03-06 21:00:00,13252,"Cao Bằng/Trạm khí TTQT, Vietnam",Cao Bằng,https://aqicn.org/city/vietnam/cao-bang/tram-khi-ttqt,22.6782,106.245,40,N/A,16,1,992.6,52.6,33,40,8,4
2025-03-06 23:00:00,13688,"Cao Bằng/Phường Đề Thám , TP. Cao Bằng, Vietnam",Cao Bằng,https://aqicn.org/city/vietnam/cao-bang/phuong-de-tham---tp.-cao-bang,22.67953,106.215361,4,3,15.1,1,994.1,56.1,4,4,17,6
2025-03-06 22:00:00,13252,"Cao Bằng/Trạm khí TTQT, Vietnam",Cao Bằng,https://aqicn.org/city/vietnam/cao-bang/tram-khi-ttqt,22.6782,106.245,39,N/A,16,1,992.6,52.6,31,39,4,6
2025-03-07 00:00:00,13688,"Cao Bằng/Phường Đề Thám , TP. Cao Bằng, Vietnam",Cao Bằng,https://aqicn.org/city/vietnam/cao-bang/phuong-de-tham---tp.-cao-bang,22.67953,106.215361,4,3,15.1,1,994.1,56.1,4,3,45,6
2025-03-07 00:00:00,13252,"Cao Bằng/Trạm khí TTQT, Vietnam",Cao Bằng,https://aqicn.org/city/vietnam/cao-bang/tram-khi-ttqt,22.6782,106.245,36,N/A,15.1,1,994.1,56.1,35,36,4,6
2025-03-07 00:00:00,13688,"Cao Bằng/Phường Đề Thám , TP. Cao Bằng, Vietnam",Cao Bằng,https://aqicn.org/city/vietnam/cao-bang/phuong-de-tham---tp.-cao-bang,22.67953,106.215361,4,3,15.1,1,994.1,56.1,4,3,45,6
2025-03-07 00:00:00,13252,"Cao Bằng/Trạm khí TTQT, Vietnam",Cao Bằng,https://aqicn.org/city/vietnam/cao-bang/tram-khi-ttqt,22.6782,106.245,36,N/A,15.1,1,994.1,56.1,35,36,4,6
2025-03-07 01:00:00,13688,"Cao Bằng/Phường Đề Thám , TP. Cao Bằng, Vietnam",Cao Bằng,https://aqicn.org/city/vietnam/cao-bang/phuong-de-tham---tp.-cao-bang,22.67953,106.215361,4,3,14.3,1,993.7,55.1,4,3,16,5
2025-03-07 01:00:00,13252,"Cao Bằng/Trạm khí TTQT, Vietnam",Cao Bằng,https://aqicn.org/city/vietnam/cao-bang/tram-khi-ttqt,22.6782,106.245,38,N/A,14.3,1,993.7,55.1,38,36,4,7
2025-03-07 02:00:00,13688,"Cao Bằng/Phường Đề Thám , TP. Cao Bằng, Vietnam",Cao Bằng,https://aqicn.org/city/vietnam/cao-bang/phuong-de-tham---tp.-cao-bang,22.67953,106.215361,4,3,14.3,1,993.7,55.1,4,3,16,6
2025-03-07 02:00:00,13252,"Cao Bằng/Trạm khí TTQT, Vietnam",Cao Bằng,https://aqicn.org/city/vietnam/cao-bang/tram-khi-ttqt,22.6782,106.245,37,N/A,14.3,1,993.7,55.1,37,34,3,7
2025-03-07 03:00:00,13688,"Cao Bằng/Phường Đề Thám , TP. Cao Bằng, Vietnam",Cao Bằng,https://aqicn.org/city/vietnam/cao-bang/phuong-de-tham---tp.-cao-bang,22.67953,106.215361,4,3,14.3,1,993.7,55.1,4,3,16,6
2025-03-07 03:00:00,13252,"Cao Bằng/Trạm khí TTQT, Vietnam",Cao Bằng,https://aqicn.org/city/vietnam/cao-bang/tram-khi-ttqt,22.6782,106.245,38,N/A,14.3,1,993.7,55.1,38,34,3,5
2025-03-07 05:00:00,13688,"Cao Bằng/Phường Đề Thám , TP. Cao Bằng, Vietnam",Cao Bằng,https://aqicn.org/city/vietnam/cao-bang/phuong-de-tham---tp.-cao-bang,22.67953,106.215361,4,3,13.4,1,993.5,58.8,4,3,17,6
2025-03-07 05:00:00,13252,"Cao Bằng/Trạm khí TTQT, Vietnam",Cao Bằng,https://aqicn.org/city/vietnam/cao-bang/tram-khi-ttqt,22.6782,106.245,45,N/A,13.4,1,993.5,58.8,45,37,3,8
2025-03-07 06:00:00,13688,"Cao Bằng/Phường Đề Thám , TP. Cao Bằng, Vietnam",Cao Bằng,https://aqicn.org/city/vietnam/cao-bang/phuong-de-tham---tp.-cao-bang,22.67953,106.215361,4,3,13.4,1,993.5,58.8,4,3,17,6
2025-03-07 06:00:00,13252,"Cao Bằng/Trạm khí TTQT, Vietnam",Cao Bằng,https://aqicn.org/city/vietnam/cao-bang/tram-khi-ttqt,22.6782,106.245,46,N/A,13.4,1,993.5,58.8,46,38,3,9
2025-03-07 07:00:00,13688,"Cao Bằng/Phường Đề Thám , TP. Cao Bằng, Vietnam",Cao Bằng,https://aqicn.org/city/vietnam/cao-bang/phuong-de-tham---tp.-cao-bang,22.67953,106.215361,4,3,13.4,1,993.5,58.8,4,3,16,6
2025-03-07 07:00:00,13252,"Cao Bằng/Trạm khí TTQT, Vietnam",Cao Bằng,https://aqicn.org/city/vietnam/cao-bang/tram-khi-ttqt,22.6782,106.245,38,N/A,13.4,1,993.5,58.8,37,38,2,7
2025-03-07 09:00:00,13688,"Cao Bằng/Phường Đề Thám , TP. Cao Bằng, Vietnam",Cao Bằng,https://aqicn.org/city/vietnam/cao-bang/phuong-de-tham---tp.-cao-bang,22.67953,106.215361,5,3,12.8,1,995,61.6,5,4,14,9
2025-03-07 09:00:00,13252,"Cao Bằng/Trạm khí TTQT, Vietnam",Cao Bằng,https://aqicn.org/city/vietnam/cao-bang/tram-khi-ttqt,22.6782,106.245,41,N/A,12.8,1,995,61.6,30,41,3,10
2025-03-07 10:00:00,13688,"Cao Bằng/Phường Đề Thám , TP. Cao Bằng, Vietnam",Cao Bằng,https://aqicn.org/city/vietnam/cao-bang/phuong-de-tham---tp.-cao-bang,22.67953,106.215361,5,3,12.8,1,995,61.6,5,4,14,9
2025-03-07 10:00:00,13252,"Cao Bằng/Trạm khí TTQT, Vietnam",Cao Bằng,https://aqicn.org/city/vietnam/cao-bang/tram-khi-ttqt,22.6782,106.245,40,N/A,12.8,1,995,61.6,28,40,4,9
2025-03-07 11:00:00,13688,"Cao Bằng/Phường Đề Thám , TP. Cao Bằng, Vietnam",Cao Bằng,https://aqicn.org/city/vietnam/cao-bang/phuong-de-tham---tp.-cao-bang,22.67953,106.215361,5,3,15.9,1,995.1,49.7,5,5,14,9
2025-03-07 11:00:00,13252,"Cao Bằng/Trạm khí TTQT, Vietnam",Cao Bằng,https://aqicn.org/city/vietnam/cao-bang/tram-khi-ttqt,22.6782,106.245,42,N/A,15.9,1,995.1,49.7,28,42,4,9
2025-03-07 12:00:00,13688,"Cao Bằng/Phường Đề Thám , TP. Cao Bằng, Vietnam",Cao Bằng,https://aqicn.org/city/vietnam/cao-bang/phuong-de-tham---tp.-cao-bang,22.67953,106.215361,6,3,15.9,1,995.1,49.7,6,6,15,9
2025-03-07 12:00:00,13252,"Cao Bằng/Trạm khí TTQT, Vietnam",Cao Bằng,https://aqicn.org/city/vietnam/cao-bang/tram-khi-ttqt,22.6782,106.245,56,N/A,15.9,1,995.1,49.7,32,56,3,9
2025-03-07 13:00:00,13688,"Cao Bằng/Phường Đề Thám , TP. Cao Bằng, Vietnam",Cao Bằng,https://aqicn.org/city/vietnam/cao-bang/phuong-de-tham---tp.-cao-bang,22.67953,106.215361,6,4,15.9,1,995.1,49.7,6,5,15,9
2025-03-07 13:00:00,13252,"Cao Bằng/Trạm khí TTQT, Vietnam",Cao Bằng,https://aqicn.org/city/vietnam/cao-bang/tram-khi-ttqt,22.6782,106.245,50,N/A,15.9,1,995.1,49.7,32,50,4,8
2025-03-07 14:00:00,13688,"Cao Bằng/Phường Đề Thám , TP. Cao Bằng, Vietnam",Cao Bằng,https://aqicn.org/city/vietnam/cao-bang/phuong-de-tham---tp.-cao-bang,22.67953,106.215361,6,4,18.8,1,991.8,44,6,6,16,9
2025-03-07 14:00:00,13252,"Cao Bằng/Trạm khí TTQT, Vietnam",Cao Bằng,https://aqicn.org/city/vietnam/cao-bang/tram-khi-ttqt,22.6782,106.245,40,N/A,18.8,1,991.8,44,31,40,4,7
2025-03-07 15:00:00,13688,"Cao Bằng/Phường Đề Thám , TP. Cao Bằng, Vietnam",Cao Bằng,https://aqicn.org/city/vietnam/cao-bang/phuong-de-tham---tp.-cao-bang,22.67953,106.215361,6,3,18.8,1,991.8,44,6,6,16,10
2025-03-07 15:00:00,13252,"Cao Bằng/Trạm khí TTQT, Vietnam",Cao Bằng,https://aqicn.org/city/vietnam/cao-bang/tram-khi-ttqt,22.6782,106.245,40,N/A,18.8,1,991.8,44,29,40,4,9
2025-03-07 16:00:00,13688,"Cao Bằng/Phường Đề Thám , TP. Cao Bằng, Vietnam",Cao Bằng,https://aqicn.org/city/vietnam/cao-bang/phuong-de-tham---tp.-cao-bang,22.67953,106.215361,7,3,18.8,1,991.8,44,7,7,16,10
2025-03-07 16:00:00,13252,"Cao Bằng/Trạm khí TTQT, Vietnam",Cao Bằng,https://aqicn.org/city/vietnam/cao-bang/tram-khi-ttqt,22.6782,106.245,41,N/A,18.8,1,991.8,44,29,41,3,10
2025-03-07 17:00:00,13688,"Cao Bằng/Phường Đề Thám , TP. Cao Bằng, Vietnam",Cao Bằng,https://aqicn.org/city/vietnam/cao-bang/phuong-de-tham---tp.-cao-bang,22.67953,106.215361,8,3,17.8,2,989.5,46.6,7,8,15,11
2025-03-07 17:00:00,13252,"Cao Bằng/Trạm khí TTQT, Vietnam",Cao Bằng,https://aqicn.org/city/vietnam/cao-bang/tram-khi-ttqt,22.6782,106.245,41,N/A,17.8,2,989.5,46.6,29,41,2,10
2025-03-07 18:00:00,13688,"Cao Bằng/Phường Đề Thám , TP. Cao Bằng, Vietnam",Cao Bằng,https://aqicn.org/city/vietnam/cao-bang/phuong-de-tham---tp.-cao-bang,22.67953,106.215361,8,3,17.8,2,989.5,46.6,7,8,14,12
2025-03-07 18:00:00,13252,"Cao Bằng/Trạm khí TTQT, Vietnam",Cao Bằng,https://aqicn.org/city/vietnam/cao-bang/tram-khi-ttqt,22.6782,106.245,39,N/A,17.8,2,989.5,46.6,29,39,2,13
2025-03-07 19:00:00,13688,"Cao Bằng/Phường Đề Thám , TP. Cao Bằng, Vietnam",Cao Bằng,https://aqicn.org/city/vietnam/cao-bang/phuong-de-tham---tp.-cao-bang,22.67953,106.215361,7,3,17.8,2,989.5,46.6,7,7,13,11
2025-03-07 19:00:00,13252,"Cao Bằng/Trạm khí TTQT, Vietnam",Cao Bằng,https://aqicn.org/city/vietnam/cao-bang/tram-khi-ttqt,22.6782,106.245,40,N/A,17.8,2,989.5,46.6,31,40,2,14
2025-03-07 20:00:00,13688,"Cao Bằng/Phường Đề Thám , TP. Cao Bằng, Vietnam",Cao Bằng,https://aqicn.org/city/vietnam/cao-bang/phuong-de-tham---tp.-cao-bang,22.67953,106.215361,9,4,15.8,2,990.9,54.3,9,8,11,14
2025-03-07 20:00:00,13252,"Cao Bằng/Trạm khí TTQT, Vietnam",Cao Bằng,https://aqicn.org/city/vietnam/cao-bang/tram-khi-ttqt,22.6782,106.245,48,N/A,15.8,2,990.9,54.3,36,48,2,14
2025-03-07 21:00:00,13688,"Cao Bằng/Phường Đề Thám , TP. Cao Bằng, Vietnam",Cao Bằng,https://aqicn.org/city/vietnam/cao-bang/phuong-de-tham---tp.-cao-bang,22.67953,106.215361,10,4,15.8,2,990.9,54.3,10,8,12,10
2025-03-07 20:00:00,13252,"Cao Bằng/Trạm khí TTQT, Vietnam",Cao Bằng,https://aqicn.org/city/vietnam/cao-bang/tram-khi-ttqt,22.6782,106.245,48,N/A,15.8,2,990.9,54.3,36,48,2,14
2025-03-07 22:00:00,13688,"Cao Bằng/Phường Đề Thám , TP. Cao Bằng, Vietnam",Cao Bằng,https://aqicn.org/city/vietnam/cao-bang/phuong-de-tham---tp.-cao-bang,22.67953,106.215361,10,4,15.8,2,990.9,54.3,10,8,12,9
2025-03-07 21:00:00,13252,"Cao Bằng/Trạm khí TTQT, Vietnam",Cao Bằng,https://aqicn.org/city/vietnam/cao-bang/tram-khi-ttqt,22.6782,106.245,49,N/A,15.8,2,990.9,54.3,42,49,2,13
2025-03-07 23:00:00,13688,"Cao Bằng/Phường Đề Thám , TP. Cao Bằng, Vietnam",Cao Bằng,https://aqicn.org/city/vietnam/cao-bang/phuong-de-tham---tp.-cao-bang,22.67953,106.215361,11,4,14.4,2,993.1,59.1,11,8,11,9
2025-03-07 23:00:00,13252,"Cao Bằng/Trạm khí TTQT, Vietnam",Cao Bằng,https://aqicn.org/city/vietnam/cao-bang/tram-khi-ttqt,22.6782,106.245,44,N/A,14.4,2,993.1,59.1,44,41,3,11
2025-03-08 00:00:00,13688,"Cao Bằng/Phường Đề Thám , TP. Cao Bằng, Vietnam",Cao Bằng,https://aqicn.org/city/vietnam/cao-bang/phuong-de-tham---tp.-cao-bang,22.67953,106.215361,10,3,14.4,2,993.1,59.1,10,7,11,8
2025-03-08 00:00:00,13252,"Cao Bằng/Trạm khí TTQT, Vietnam",Cao Bằng,https://aqicn.org/city/vietnam/cao-bang/tram-khi-ttqt,22.6782,106.245,45,N/A,14.4,2,993.1,59.1,45,39,3,9
2025-03-08 01:00:00,13688,"Cao Bằng/Phường Đề Thám , TP. Cao Bằng, Vietnam",Cao Bằng,https://aqicn.org/city/vietnam/cao-bang/phuong-de-tham---tp.-cao-bang,22.67953,106.215361,10,3,14.4,2,993.1,59.1,10,7,11,7
2025-03-08 01:00:00,13252,"Cao Bằng/Trạm khí TTQT, Vietnam",Cao Bằng,https://aqicn.org/city/vietnam/cao-bang/tram-khi-ttqt,22.6782,106.245,46,N/A,14.4,2,993.1,59.1,46,37,3,9
2025-03-08 01:00:00,13688,"Cao Bằng/Phường Đề Thám , TP. Cao Bằng, Vietnam",Cao Bằng,https://aqicn.org/city/vietnam/cao-bang/phuong-de-tham---tp.-cao-bang,22.67953,106.215361,10,3,14.4,2,993.1,59.1,10,7,11,7
2025-03-08 02:00:00,13252,"Cao Bằng/Trạm khí TTQT, Vietnam",Cao Bằng,https://aqicn.org/city/vietnam/cao-bang/tram-khi-ttqt,22.6782,106.245,46,N/A,13.8,2,992.9,66.6,46,37,2,10
2025-03-08 03:00:00,13688,"Cao Bằng/Phường Đề Thám , TP. Cao Bằng, Vietnam",Cao Bằng,https://aqicn.org/city/vietnam/cao-bang/phuong-de-tham---tp.-cao-bang,22.67953,106.215361,10,4,13.8,2,992.9,66.6,10,6,11,7
2025-03-08 03:00:00,13252,"Cao Bằng/Trạm khí TTQT, Vietnam",Cao Bằng,https://aqicn.org/city/vietnam/cao-bang/tram-khi-ttqt,22.6782,106.245,46,N/A,13.8,2,992.9,66.6,46,36,3,10
2025-03-08 03:00:00,13688,"Cao Bằng/Phường Đề Thám , TP. Cao Bằng, Vietnam",Cao Bằng,https://aqicn.org/city/vietnam/cao-bang/phuong-de-tham---tp.-cao-bang,22.67953,106.215361,10,4,13.8,2,992.9,66.6,10,6,11,7
2025-03-08 03:00:00,13252,"Cao Bằng/Trạm khí TTQT, Vietnam",Cao Bằng,https://aqicn.org/city/vietnam/cao-bang/tram-khi-ttqt,22.6782,106.245,46,N/A,13.8,2,992.9,66.6,46,36,3,10
2025-03-08 05:00:00,13688,"Cao Bằng/Phường Đề Thám , TP. Cao Bằng, Vietnam",Cao Bằng,https://aqicn.org/city/vietnam/cao-bang/phuong-de-tham---tp.-cao-bang,22.67953,106.215361,10,4,13.2,2,991.9,67.9,10,6,8,9
2025-03-08 04:00:00,13252,"Cao Bằng/Trạm khí TTQT, Vietnam",Cao Bằng,https://aqicn.org/city/vietnam/cao-bang/tram-khi-ttqt,22.6782,106.245,47,N/A,13.8,2,992.9,66.6,47,36,3,10
2025-03-08 06:00:00,13688,"Cao Bằng/Phường Đề Thám , TP. Cao Bằng, Vietnam",Cao Bằng,https://aqicn.org/city/vietnam/cao-bang/phuong-de-tham---tp.-cao-bang,22.67953,106.215361,10,3,13.2,2,991.9,67.9,10,6,11,8
2025-03-08 06:00:00,13252,"Cao Bằng/Trạm khí TTQT, Vietnam",Cao Bằng,https://aqicn.org/city/vietnam/cao-bang/tram-khi-ttqt,22.6782,106.245,52,N/A,13.2,2,991.9,67.9,52,40,3,11
2025-03-08 07:00:00,13688,"Cao Bằng/Phường Đề Thám , TP. Cao Bằng, Vietnam",Cao Bằng,https://aqicn.org/city/vietnam/cao-bang/phuong-de-tham---tp.-cao-bang,22.67953,106.215361,10,3,13.2,2,991.9,67.9,10,7,7,9
2025-03-08 07:00:00,13252,"Cao Bằng/Trạm khí TTQT, Vietnam",Cao Bằng,https://aqicn.org/city/vietnam/cao-bang/tram-khi-ttqt,22.6782,106.245,51,N/A,13.2,2,991.9,67.9,51,43,2,10
2025-03-08 08:00:00,13688,"Cao Bằng/Phường Đề Thám , TP. Cao Bằng, Vietnam",Cao Bằng,https://aqicn.org/city/vietnam/cao-bang/phuong-de-tham---tp.-cao-bang,22.67953,106.215361,10,4,13,2,993.1,70.2,10,8,6,12
2025-03-08 08:00:00,13252,"Cao Bằng/Trạm khí TTQT, Vietnam",Cao Bằng,https://aqicn.org/city/vietnam/cao-bang/tram-khi-ttqt,22.6782,106.245,49,N/A,13,2,993.1,70.2,49,44,2,11
2025-03-08 09:00:00,13688,"Cao Bằng/Phường Đề Thám , TP. Cao Bằng, Vietnam",Cao Bằng,https://aqicn.org/city/vietnam/cao-bang/phuong-de-tham---tp.-cao-bang,22.67953,106.215361,11,4,13,2,993.1,70.2,11,10,6,15
2025-03-08 09:00:00,13252,"Cao Bằng/Trạm khí TTQT, Vietnam",Cao Bằng,https://aqicn.org/city/vietnam/cao-bang/tram-khi-ttqt,22.6782,106.245,50,N/A,13,2,993.1,70.2,49,50,2,13
2025-03-08 10:00:00,13688,"Cao Bằng/Phường Đề Thám , TP. Cao Bằng, Vietnam",Cao Bằng,https://aqicn.org/city/vietnam/cao-bang/phuong-de-tham---tp.-cao-bang,22.67953,106.215361,12,3,13,2,993.1,70.2,12,11,8,14
2025-03-08 10:00:00,13252,"Cao Bằng/Trạm khí TTQT, Vietnam",Cao Bằng,https://aqicn.org/city/vietnam/cao-bang/tram-khi-ttqt,22.6782,106.245,50,N/A,13,2,993.1,70.2,49,50,2,17
2025-03-08 11:00:00,13688,"Cao Bằng/Phường Đề Thám , TP. Cao Bằng, Vietnam",Cao Bằng,https://aqicn.org/city/vietnam/cao-bang/phuong-de-tham---tp.-cao-bang,22.67953,106.215361,12,4,13.9,1,994.9,69,12,10,9,13
2025-03-08 11:00:00,13252,"Cao Bằng/Trạm khí TTQT, Vietnam",Cao Bằng,https://aqicn.org/city/vietnam/cao-bang/tram-khi-ttqt,22.6782,106.245,50,N/A,13.9,1,994.9,69,48,50,3,15
2025-03-08 11:00:00,13688,"Cao Bằng/Phường Đề Thám , TP. Cao Bằng, Vietnam",Cao Bằng,https://aqicn.org/city/vietnam/cao-bang/phuong-de-tham---tp.-cao-bang,22.67953,106.215361,12,4,13.9,1,994.9,69,12,10,9,13
2025-03-08 12:00:00,13252,"Cao Bằng/Trạm khí TTQT, Vietnam",Cao Bằng,https://aqicn.org/city/vietnam/cao-bang/tram-khi-ttqt,22.6782,106.245,48,N/A,13.9,1,994.9,69,48,48,2,14
2025-03-08 12:00:00,13688,"Cao Bằng/Phường Đề Thám , TP. Cao Bằng, Vietnam",Cao Bằng,https://aqicn.org/city/vietnam/cao-bang/phuong-de-tham---tp.-cao-bang,22.67953,106.215361,12,4,13.9,1,994.9,69,12,9,12,10
2025-03-08 13:00:00,13252,"Cao Bằng/Trạm khí TTQT, Vietnam",Cao Bằng,https://aqicn.org/city/vietnam/cao-bang/tram-khi-ttqt,22.6782,106.245,48,N/A,13.9,1,994.9,69,48,44,3,13
2025-03-08 13:00:00,13688,"Cao Bằng/Phường Đề Thám , TP. Cao Bằng, Vietnam",Cao Bằng,https://aqicn.org/city/vietnam/cao-bang/phuong-de-tham---tp.-cao-bang,22.67953,106.215361,12,4,13.9,1,994.9,69,12,9,13,8
2025-03-08 13:00:00,13252,"Cao Bằng/Trạm khí TTQT, Vietnam",Cao Bằng,https://aqicn.org/city/vietnam/cao-bang/tram-khi-ttqt,22.6782,106.245,48,N/A,13.9,1,994.9,69,48,44,3,13
2025-03-08 15:00:00,13688,"Cao Bằng/Phường Đề Thám , TP. Cao Bằng, Vietnam",Cao Bằng,https://aqicn.org/city/vietnam/cao-bang/phuong-de-tham---tp.-cao-bang,22.67953,106.215361,12,4,16.5,1,992,62.4,12,8,15,8
2025-03-08 14:00:00,13252,"Cao Bằng/Trạm khí TTQT, Vietnam",Cao Bằng,https://aqicn.org/city/vietnam/cao-bang/tram-khi-ttqt,22.6782,106.245,49,N/A,16.5,1,992,62.4,49,44,5,10
2025-03-08 16:00:00,13688,"Cao Bằng/Phường Đề Thám , TP. Cao Bằng, Vietnam",Cao Bằng,https://aqicn.org/city/vietnam/cao-bang/phuong-de-tham---tp.-cao-bang,22.67953,106.215361,11,5,16.5,1,992,62.4,11,8,16,9
2025-03-08 15:00:00,13252,"Cao Bằng/Trạm khí TTQT, Vietnam",Cao Bằng,https://aqicn.org/city/vietnam/cao-bang/tram-khi-ttqt,22.6782,106.245,48,N/A,16.5,1,992,62.4,48,43,4,12
2025-03-08 16:00:00,13688,"Cao Bằng/Phường Đề Thám , TP. Cao Bằng, Vietnam",Cao Bằng,https://aqicn.org/city/vietnam/cao-bang/phuong-de-tham---tp.-cao-bang,22.67953,106.215361,11,5,16.5,1,992,62.4,11,8,16,9
2025-03-08 16:00:00,13252,"Cao Bằng/Trạm khí TTQT, Vietnam",Cao Bằng,https://aqicn.org/city/vietnam/cao-bang/tram-khi-ttqt,22.6782,106.245,45,N/A,16.5,1,992,62.4,45,43,4,13
2025-03-08 17:00:00,13688,"Cao Bằng/Phường Đề Thám , TP. Cao Bằng, Vietnam",Cao Bằng,https://aqicn.org/city/vietnam/cao-bang/phuong-de-tham---tp.-cao-bang,22.67953,106.215361,11,5,17.4,1,989.2,60.2,11,8,15,9
2025-03-08 17:00:00,13252,"Cao Bằng/Trạm khí TTQT, Vietnam",Cao Bằng,https://aqicn.org/city/vietnam/cao-bang/tram-khi-ttqt,22.6782,106.245,58,N/A,17.4,1,989.2,60.2,47,58,3,16
2025-03-08 19:00:00,13688,"Cao Bằng/Phường Đề Thám , TP. Cao Bằng, Vietnam",Cao Bằng,https://aqicn.org/city/vietnam/cao-bang/phuong-de-tham---tp.-cao-bang,22.67953,106.215361,12,4,17.4,1,989.2,60.2,12,8,13,11
2025-03-08 18:00:00,13252,"Cao Bằng/Trạm khí TTQT, Vietnam",Cao Bằng,https://aqicn.org/city/vietnam/cao-bang/tram-khi-ttqt,22.6782,106.245,55,N/A,17.4,1,989.2,60.2,47,55,2,17
2025-03-08 19:00:00,13688,"Cao Bằng/Phường Đề Thám , TP. Cao Bằng, Vietnam",Cao Bằng,https://aqicn.org/city/vietnam/cao-bang/phuong-de-tham---tp.-cao-bang,22.67953,106.215361,12,4,17.4,1,989.2,60.2,12,8,13,11
2025-03-08 20:00:00,13252,"Cao Bằng/Trạm khí TTQT, Vietnam",Cao Bằng,https://aqicn.org/city/vietnam/cao-bang/tram-khi-ttqt,22.6782,106.245,55,N/A,15.7,1,990.1,66.6,51,55,2,19
2025-03-08 20:00:00,13688,"Cao Bằng/Phường Đề Thám , TP. Cao Bằng, Vietnam",Cao Bằng,https://aqicn.org/city/vietnam/cao-bang/phuong-de-tham---tp.-cao-bang,22.67953,106.215361,13,5,15.7,1,990.1,66.6,13,9,14,11
2025-03-08 20:00:00,13252,"Cao Bằng/Trạm khí TTQT, Vietnam",Cao Bằng,https://aqicn.org/city/vietnam/cao-bang/tram-khi-ttqt,22.6782,106.245,55,N/A,15.7,1,990.1,66.6,51,55,2,19
2025-03-08 22:00:00,13688,"Cao Bằng/Phường Đề Thám , TP. Cao Bằng, Vietnam",Cao Bằng,https://aqicn.org/city/vietnam/cao-bang/phuong-de-tham---tp.-cao-bang,22.67953,106.215361,13,4,15.7,1,990.1,66.6,13,9,13,9
2025-03-08 21:00:00,13252,"Cao Bằng/Trạm khí TTQT, Vietnam",Cao Bằng,https://aqicn.org/city/vietnam/cao-bang/tram-khi-ttqt,22.6782,106.245,52,N/A,15.7,1,990.1,66.6,52,50,3,17
2025-03-08 22:00:00,13688,"Cao Bằng/Phường Đề Thám , TP. Cao Bằng, Vietnam",Cao Bằng,https://aqicn.org/city/vietnam/cao-bang/phuong-de-tham---tp.-cao-bang,22.67953,106.215361,13,4,15.7,1,990.1,66.6,13,9,13,9
2025-03-08 22:00:00,13252,"Cao Bằng/Trạm khí TTQT, Vietnam",Cao Bằng,https://aqicn.org/city/vietnam/cao-bang/tram-khi-ttqt,22.6782,106.245,54,N/A,15.7,1,990.1,66.6,54,47,2,16
2025-03-09 00:00:00,13688,"Cao Bằng/Phường Đề Thám , TP. Cao Bằng, Vietnam",Cao Bằng,https://aqicn.org/city/vietnam/cao-bang/phuong-de-tham---tp.-cao-bang,22.67953,106.215361,14,4,14.9,1,992,80.1,14,9,8,10
2025-03-08 23:00:00,13252,"Cao Bằng/Trạm khí TTQT, Vietnam",Cao Bằng,https://aqicn.org/city/vietnam/cao-bang/tram-khi-ttqt,22.6782,106.245,56,N/A,14.9,1,992,80.1,56,45,2,14
2025-03-09 01:00:00,13688,"Cao Bằng/Phường Đề Thám , TP. Cao Bằng, Vietnam",Cao Bằng,https://aqicn.org/city/vietnam/cao-bang/phuong-de-tham---tp.-cao-bang,22.67953,106.215361,15,4,14.9,1,992,80.1,15,9,10,9
2025-03-09 01:00:00,13252,"Cao Bằng/Trạm khí TTQT, Vietnam",Cao Bằng,https://aqicn.org/city/vietnam/cao-bang/tram-khi-ttqt,22.6782,106.245,57,N/A,14.9,1,992,80.1,57,41,2,11
2025-03-09 02:00:00,13688,"Cao Bằng/Phường Đề Thám , TP. Cao Bằng, Vietnam",Cao Bằng,https://aqicn.org/city/vietnam/cao-bang/phuong-de-tham---tp.-cao-bang,22.67953,106.215361,15,4,14.3,1,992.2,83.3,15,9,10,9
2025-03-09 02:00:00,13252,"Cao Bằng/Trạm khí TTQT, Vietnam",Cao Bằng,https://aqicn.org/city/vietnam/cao-bang/tram-khi-ttqt,22.6782,106.245,58,N/A,14.3,1,992.2,83.3,58,41,2,13
2025-03-09 02:00:00,13688,"Cao Bằng/Phường Đề Thám , TP. Cao Bằng, Vietnam",Cao Bằng,https://aqicn.org/city/vietnam/cao-bang/phuong-de-tham---tp.-cao-bang,22.67953,106.215361,15,4,14.3,1,992.2,83.3,15,9,10,9
2025-03-09 03:00:00,13252,"Cao Bằng/Trạm khí TTQT, Vietnam",Cao Bằng,https://aqicn.org/city/vietnam/cao-bang/tram-khi-ttqt,22.6782,106.245,58,N/A,14.3,1,992.2,83.3,58,40,3,14
2025-03-09 03:00:00,13688,"Cao Bằng/Phường Đề Thám , TP. Cao Bằng, Vietnam",Cao Bằng,https://aqicn.org/city/vietnam/cao-bang/phuong-de-tham---tp.-cao-bang,22.67953,106.215361,16,5,14.3,1,992.2,83.3,16,10,12,8
2025-03-09 03:00:00,13252,"Cao Bằng/Trạm khí TTQT, Vietnam",Cao Bằng,https://aqicn.org/city/vietnam/cao-bang/tram-khi-ttqt,22.6782,106.245,58,N/A,14.3,1,992.2,83.3,58,40,3,14
2025-03-09 05:00:00,13688,"Cao Bằng/Phường Đề Thám , TP. Cao Bằng, Vietnam",Cao Bằng,https://aqicn.org/city/vietnam/cao-bang/phuong-de-tham---tp.-cao-bang,22.67953,106.215361,15,5,14,1,991.7,82.7,15,9,14,8
2025-03-09 04:00:00,13252,"Cao Bằng/Trạm khí TTQT, Vietnam",Cao Bằng,https://aqicn.org/city/vietnam/cao-bang/tram-khi-ttqt,22.6782,106.245,58,N/A,14.3,1,992.2,83.3,58,40,3,13
2025-03-09 06:00:00,13688,"Cao Bằng/Phường Đề Thám , TP. Cao Bằng, Vietnam",Cao Bằng,https://aqicn.org/city/vietnam/cao-bang/phuong-de-tham---tp.-cao-bang,22.67953,106.215361,16,5,14,1,991.7,82.7,16,9,12,9
2025-03-09 05:00:00,13252,"Cao Bằng/Trạm khí TTQT, Vietnam",Cao Bằng,https://aqicn.org/city/vietnam/cao-bang/tram-khi-ttqt,22.6782,106.245,59,N/A,14,1,991.7,82.7,59,41,3,14
2025-03-09 07:00:00,13688,"Cao Bằng/Phường Đề Thám , TP. Cao Bằng, Vietnam",Cao Bằng,https://aqicn.org/city/vietnam/cao-bang/phuong-de-tham---tp.-cao-bang,22.67953,106.215361,16,5,14,1,991.7,82.7,16,10,11,10
2025-03-09 07:00:00,13252,"Cao Bằng/Trạm khí TTQT, Vietnam",Cao Bằng,https://aqicn.org/city/vietnam/cao-bang/tram-khi-ttqt,22.6782,106.245,59,N/A,14,1,991.7,82.7,59,42,2,13
2025-03-09 08:00:00,13688,"Cao Bằng/Phường Đề Thám , TP. Cao Bằng, Vietnam",Cao Bằng,https://aqicn.org/city/vietnam/cao-bang/phuong-de-tham---tp.-cao-bang,22.67953,106.215361,16,5,13.8,1,992.3,83.8,16,10,10,12
2025-03-09 08:00:00,13252,"Cao Bằng/Trạm khí TTQT, Vietnam",Cao Bằng,https://aqicn.org/city/vietnam/cao-bang/tram-khi-ttqt,22.6782,106.245,61,N/A,13.8,1,992.3,83.8,61,48,2,13
2025-03-09 09:00:00,13688,"Cao Bằng/Phường Đề Thám , TP. Cao Bằng, Vietnam",Cao Bằng,https://aqicn.org/city/vietnam/cao-bang/phuong-de-tham---tp.-cao-bang,22.67953,106.215361,17,6,13.8,1,992.3,83.8,17,11,7,14
2025-03-09 09:00:00,13252,"Cao Bằng/Trạm khí TTQT, Vietnam",Cao Bằng,https://aqicn.org/city/vietnam/cao-bang/tram-khi-ttqt,22.6782,106.245,64,N/A,13.8,1,992.3,83.8,64,52,2,13
2025-03-09 10:00:00,13688,"Cao Bằng/Phường Đề Thám , TP. Cao Bằng, Vietnam",Cao Bằng,https://aqicn.org/city/vietnam/cao-bang/phuong-de-tham---tp.-cao-bang,22.67953,106.215361,17,6,13.8,1,992.3,83.8,17,12,7,16
2025-03-09 10:00:00,13252,"Cao Bằng/Trạm khí TTQT, Vietnam",Cao Bằng,https://aqicn.org/city/vietnam/cao-bang/tram-khi-ttqt,22.6782,106.245,69,N/A,13.8,1,992.3,83.8,69,57,2,15
2025-03-09 11:00:00,13688,"Cao Bằng/Phường Đề Thám , TP. Cao Bằng, Vietnam",Cao Bằng,https://aqicn.org/city/vietnam/cao-bang/phuong-de-tham---tp.-cao-bang,22.67953,106.215361,18,6,15,1,994.1,82.3,18,12,9,14
2025-03-09 11:00:00,13252,"Cao Bằng/Trạm khí TTQT, Vietnam",Cao Bằng,https://aqicn.org/city/vietnam/cao-bang/tram-khi-ttqt,22.6782,106.245,70,N/A,15,1,994.1,82.3,70,55,3,14
2025-03-09 11:00:00,13688,"Cao Bằng/Phường Đề Thám , TP. Cao Bằng, Vietnam",Cao Bằng,https://aqicn.org/city/vietnam/cao-bang/phuong-de-tham---tp.-cao-bang,22.67953,106.215361,18,6,15,1,994.1,82.3,18,12,9,14
2025-03-09 12:00:00,13252,"Cao Bằng/Trạm khí TTQT, Vietnam",Cao Bằng,https://aqicn.org/city/vietnam/cao-bang/tram-khi-ttqt,22.6782,106.245,71,N/A,15,1,994.1,82.3,71,54,4,12
2025-03-09 13:00:00,13688,"Cao Bằng/Phường Đề Thám , TP. Cao Bằng, Vietnam",Cao Bằng,https://aqicn.org/city/vietnam/cao-bang/phuong-de-tham---tp.-cao-bang,22.67953,106.215361,18,6,15,1,994.1,82.3,18,12,12,11
2025-03-09 13:00:00,13252,"Cao Bằng/Trạm khí TTQT, Vietnam",Cao Bằng,https://aqicn.org/city/vietnam/cao-bang/tram-khi-ttqt,22.6782,106.245,71,N/A,15,1,994.1,82.3,71,52,4,12
2025-03-09 13:00:00,13688,"Cao Bằng/Phường Đề Thám , TP. Cao Bằng, Vietnam",Cao Bằng,https://aqicn.org/city/vietnam/cao-bang/phuong-de-tham---tp.-cao-bang,22.67953,106.215361,18,6,15,1,994.1,82.3,18,12,12,11
2025-03-09 14:00:00,13252,"Cao Bằng/Trạm khí TTQT, Vietnam",Cao Bằng,https://aqicn.org/city/vietnam/cao-bang/tram-khi-ttqt,22.6782,106.245,70,N/A,17.2,2,992,72,70,52,3,12
2025-03-09 15:00:00,13688,"Cao Bằng/Phường Đề Thám , TP. Cao Bằng, Vietnam",Cao Bằng,https://aqicn.org/city/vietnam/cao-bang/phuong-de-tham---tp.-cao-bang,22.67953,106.215361,18,5,17.2,2,992,72,18,12,12,11
2025-03-09 15:00:00,13252,"Cao Bằng/Trạm khí TTQT, Vietnam",Cao Bằng,https://aqicn.org/city/vietnam/cao-bang/tram-khi-ttqt,22.6782,106.245,68,N/A,17.2,2,992,72,68,51,3,14
2025-03-09 15:00:00,13688,"Cao Bằng/Phường Đề Thám , TP. Cao Bằng, Vietnam",Cao Bằng,https://aqicn.org/city/vietnam/cao-bang/phuong-de-tham---tp.-cao-bang,22.67953,106.215361,18,5,17.2,2,992,72,18,12,12,11
2025-03-09 15:00:00,13252,"Cao Bằng/Trạm khí TTQT, Vietnam",Cao Bằng,https://aqicn.org/city/vietnam/cao-bang/tram-khi-ttqt,22.6782,106.245,68,N/A,17.2,2,992,72,68,51,3,14
2025-03-09 17:00:00,13688,"Cao Bằng/Phường Đề Thám , TP. Cao Bằng, Vietnam",Cao Bằng,https://aqicn.org/city/vietnam/cao-bang/phuong-de-tham---tp.-cao-bang,22.67953,106.215361,17,5,17.7,2,990.3,73,17,12,12,13
2025-03-09 16:00:00,13252,"Cao Bằng/Trạm khí TTQT, Vietnam",Cao Bằng,https://aqicn.org/city/vietnam/cao-bang/tram-khi-ttqt,22.6782,106.245,67,N/A,17.2,2,992,72,67,52,4,12
2025-03-09 18:00:00,13688,"Cao Bằng/Phường Đề Thám , TP. Cao Bằng, Vietnam",Cao Bằng,https://aqicn.org/city/vietnam/cao-bang/phuong-de-tham---tp.-cao-bang,22.67953,106.215361,18,6,17.7,2,990.3,73,18,12,11,13
2025-03-09 18:00:00,13252,"Cao Bằng/Trạm khí TTQT, Vietnam",Cao Bằng,https://aqicn.org/city/vietnam/cao-bang/tram-khi-ttqt,22.6782,106.245,68,N/A,17.7,2,990.3,73,68,51,2,15
2025-03-09 19:00:00,13252,"Cao Bằng/Trạm khí TTQT, Vietnam",Cao Bằng,https://aqicn.org/city/vietnam/cao-bang/tram-khi-ttqt,22.67953,106.215361,70,N/A,17.7,2,990.3,73,70,54,2,18
2025-03-09 19:00:00,13252,"Cao Bằng/Trạm khí TTQT, Vietnam",Cao Bằng,https://aqicn.org/city/vietnam/cao-bang/tram-khi-ttqt,22.6782,106.245,70,N/A,17.7,2,990.3,73,70,54,2,18
2025-03-09 20:00:00,13252,"Cao Bằng/Trạm khí TTQT, Vietnam",Cao Bằng,https://aqicn.org/city/vietnam/cao-bang/tram-khi-ttqt,22.67953,106.215361,71,N/A,16.9,1,992.1,78.3,71,55,2,19
2025-03-09 20:00:00,13252,"Cao Bằng/Trạm khí TTQT, Vietnam",Cao Bằng,https://aqicn.org/city/vietnam/cao-bang/tram-khi-ttqt,22.6782,106.245,71,N/A,16.9,1,992.1,78.3,71,55,2,19
2025-03-09 20:00:00,13688,"Cao Bằng/Phường Đề Thám , TP. Cao Bằng, Vietnam",Cao Bằng,https://aqicn.org/city/vietnam/cao-bang/phuong-de-tham---tp.-cao-bang,22.67953,106.215361,19,6,16.9,1,992.1,78.3,19,13,5,18
2025-03-09 21:00:00,13252,"Cao Bằng/Trạm khí TTQT, Vietnam",Cao Bằng,https://aqicn.org/city/vietnam/cao-bang/tram-khi-ttqt,22.6782,106.245,71,N/A,16.9,1,992.1,78.3,71,54,2,17
2025-03-09 21:00:00,13688,"Cao Bằng/Phường Đề Thám , TP. Cao Bằng, Vietnam",Cao Bằng,https://aqicn.org/city/vietnam/cao-bang/phuong-de-tham---tp.-cao-bang,22.67953,106.215361,19,6,16.9,1,992.1,78.3,19,13,7,15
2025-03-09 22:00:00,13252,"Cao Bằng/Trạm khí TTQT, Vietnam",Cao Bằng,https://aqicn.org/city/vietnam/cao-bang/tram-khi-ttqt,22.6782,106.245,71,N/A,16.9,1,992.1,78.3,71,53,2,15
2025-03-09 23:00:00,13688,"Cao Bằng/Phường Đề Thám , TP. Cao Bằng, Vietnam",Cao Bằng,https://aqicn.org/city/vietnam/cao-bang/phuong-de-tham---tp.-cao-bang,22.67953,106.215361,18,7,16.3,1,993.9,81.9,18,12,10,11
2025-03-09 23:00:00,13252,"Cao Bằng/Trạm khí TTQT, Vietnam",Cao Bằng,https://aqicn.org/city/vietnam/cao-bang/tram-khi-ttqt,22.6782,106.245,71,N/A,16.3,1,993.9,81.9,71,52,2,14
2025-03-10 00:00:00,13688,"Cao Bằng/Phường Đề Thám , TP. Cao Bằng, Vietnam",Cao Bằng,https://aqicn.org/city/vietnam/cao-bang/phuong-de-tham---tp.-cao-bang,22.67953,106.215361,17,9,16.3,1,993.9,81.9,17,11,9,10
2025-03-09 23:00:00,13252,"Cao Bằng/Trạm khí TTQT, Vietnam",Cao Bằng,https://aqicn.org/city/vietnam/cao-bang/tram-khi-ttqt,22.6782,106.245,71,N/A,16.3,1,993.9,81.9,71,52,2,14
2025-03-10 01:00:00,13688,"Cao Bằng/Phường Đề Thám , TP. Cao Bằng, Vietnam",Cao Bằng,https://aqicn.org/city/vietnam/cao-bang/phuong-de-tham---tp.-cao-bang,22.67953,106.215361,17,8,16.3,1,993.9,81.9,17,10,8,9
2025-03-10 00:00:00,13252,"Cao Bằng/Trạm khí TTQT, Vietnam",Cao Bằng,https://aqicn.org/city/vietnam/cao-bang/tram-khi-ttqt,22.6782,106.245,70,N/A,16.3,1,993.9,81.9,70,51,2,12
2025-03-10 02:00:00,13688,"Cao Bằng/Phường Đề Thám , TP. Cao Bằng, Vietnam",Cao Bằng,https://aqicn.org/city/vietnam/cao-bang/phuong-de-tham---tp.-cao-bang,22.67953,106.215361,16,6,15.6,1,993.1,92,16,10,7,9
2025-03-10 01:00:00,13252,"Cao Bằng/Trạm khí TTQT, Vietnam",Cao Bằng,https://aqicn.org/city/vietnam/cao-bang/tram-khi-ttqt,22.6782,106.245,70,N/A,16.3,1,993.9,81.9,70,50,2,13
2025-03-10 03:00:00,13688,"Cao Bằng/Phường Đề Thám , TP. Cao Bằng, Vietnam",Cao Bằng,https://aqicn.org/city/vietnam/cao-bang/phuong-de-tham---tp.-cao-bang,22.67953,106.215361,15,6,15.6,1,993.1,92,15,9,6,9
2025-03-10 03:00:00,13252,"Cao Bằng/Trạm khí TTQT, Vietnam",Cao Bằng,https://aqicn.org/city/vietnam/cao-bang/tram-khi-ttqt,22.6782,106.245,68,N/A,15.6,1,993.1,92,68,46,2,11
2025-03-10 04:00:00,13688,"Cao Bằng/Phường Đề Thám , TP. Cao Bằng, Vietnam",Cao Bằng,https://aqicn.org/city/vietnam/cao-bang/phuong-de-tham---tp.-cao-bang,22.67953,106.215361,15,8,15.6,1,993.1,92,15,9,5,9
2025-03-10 04:00:00,13252,"Cao Bằng/Trạm khí TTQT, Vietnam",Cao Bằng,https://aqicn.org/city/vietnam/cao-bang/tram-khi-ttqt,22.6782,106.245,67,N/A,15.6,1,993.1,92,67,45,2,9
2025-03-10 04:00:00,13688,"Cao Bằng/Phường Đề Thám , TP. Cao Bằng, Vietnam",Cao Bằng,https://aqicn.org/city/vietnam/cao-bang/phuong-de-tham---tp.-cao-bang,22.67953,106.215361,15,8,15.6,1,993.1,92,15,9,5,9
2025-03-10 05:00:00,13252,"Cao Bằng/Trạm khí TTQT, Vietnam",Cao Bằng,https://aqicn.org/city/vietnam/cao-bang/tram-khi-ttqt,22.6782,106.245,67,N/A,15,1,991.5,95,67,45,2,10
2025-03-10 05:00:00,13688,"Cao Bằng/Phường Đề Thám , TP. Cao Bằng, Vietnam",Cao Bằng,https://aqicn.org/city/vietnam/cao-bang/phuong-de-tham---tp.-cao-bang,22.67953,106.215361,15,8,15,1,991.5,95,15,9,4,9
2025-03-10 06:00:00,13252,"Cao Bằng/Trạm khí TTQT, Vietnam",Cao Bằng,https://aqicn.org/city/vietnam/cao-bang/tram-khi-ttqt,22.6782,106.245,65,N/A,15,1,991.5,95,65,44,1,8
2025-03-10 07:00:00,13688,"Cao Bằng/Phường Đề Thám , TP. Cao Bằng, Vietnam",Cao Bằng,https://aqicn.org/city/vietnam/cao-bang/phuong-de-tham---tp.-cao-bang,22.67953,106.215361,15,8,15,1,991.5,95,15,9,5,8
2025-03-10 07:00:00,13252,"Cao Bằng/Trạm khí TTQT, Vietnam",Cao Bằng,https://aqicn.org/city/vietnam/cao-bang/tram-khi-ttqt,22.6782,106.245,63,N/A,15,1,991.5,95,63,43,1,9
2025-03-10 08:00:00,13688,"Cao Bằng/Phường Đề Thám , TP. Cao Bằng, Vietnam",Cao Bằng,https://aqicn.org/city/vietnam/cao-bang/phuong-de-tham---tp.-cao-bang,22.67953,106.215361,15,9,15,1,992.1,96.2,15,9,4,10
2025-03-10 08:00:00,13252,"Cao Bằng/Trạm khí TTQT, Vietnam",Cao Bằng,https://aqicn.org/city/vietnam/cao-bang/tram-khi-ttqt,22.6782,106.245,62,N/A,15,1,992.1,96.2,62,43,1,9
2025-03-10 09:00:00,13688,"Cao Bằng/Phường Đề Thám , TP. Cao Bằng, Vietnam",Cao Bằng,https://aqicn.org/city/vietnam/cao-bang/phuong-de-tham---tp.-cao-bang,22.67953,106.215361,15,9,15,1,992.1,96.2,15,9,3,12
2025-03-10 09:00:00,13252,"Cao Bằng/Trạm khí TTQT, Vietnam",Cao Bằng,https://aqicn.org/city/vietnam/cao-bang/tram-khi-ttqt,22.6782,106.245,61,N/A,15,1,992.1,96.2,61,46,1,11
2025-03-10 10:00:00,13688,"Cao Bằng/Phường Đề Thám , TP. Cao Bằng, Vietnam",Cao Bằng,https://aqicn.org/city/vietnam/cao-bang/phuong-de-tham---tp.-cao-bang,22.67953,106.215361,15,8,15,1,992.1,96.2,15,9,4,12
2025-03-10 09:00:00,13252,"Cao Bằng/Trạm khí TTQT, Vietnam",Cao Bằng,https://aqicn.org/city/vietnam/cao-bang/tram-khi-ttqt,22.6782,106.245,61,N/A,15,1,992.1,96.2,61,46,1,11
2025-03-10 11:00:00,13688,"Cao Bằng/Phường Đề Thám , TP. Cao Bằng, Vietnam",Cao Bằng,https://aqicn.org/city/vietnam/cao-bang/phuong-de-tham---tp.-cao-bang,22.67953,106.215361,15,8,17,1,993.3,86.3,15,10,4,13
2025-03-10 10:00:00,13252,"Cao Bằng/Trạm khí TTQT, Vietnam",Cao Bằng,https://aqicn.org/city/vietnam/cao-bang/tram-khi-ttqt,22.6782,106.245,57,N/A,15,1,992.1,96.2,57,46,1,12
2025-03-10 12:00:00,13688,"Cao Bằng/Phường Đề Thám , TP. Cao Bằng, Vietnam",Cao Bằng,https://aqicn.org/city/vietnam/cao-bang/phuong-de-tham---tp.-cao-bang,22.67953,106.215361,15,8,17,1,993.3,86.3,15,11,4,13
2025-03-10 12:00:00,13252,"Cao Bằng/Trạm khí TTQT, Vietnam",Cao Bằng,https://aqicn.org/city/vietnam/cao-bang/tram-khi-ttqt,22.6782,106.245,55,N/A,17,1,993.3,86.3,55,43,2,12
2025-03-10 13:00:00,13688,"Cao Bằng/Phường Đề Thám , TP. Cao Bằng, Vietnam",Cao Bằng,https://aqicn.org/city/vietnam/cao-bang/phuong-de-tham---tp.-cao-bang,22.67953,106.215361,15,7,17,1,993.3,86.3,15,10,6,12
2025-03-10 13:00:00,13252,"Cao Bằng/Trạm khí TTQT, Vietnam",Cao Bằng,https://aqicn.org/city/vietnam/cao-bang/tram-khi-ttqt,22.6782,106.245,56,N/A,17,1,993.3,86.3,56,43,2,11
2025-03-10 14:00:00,13688,"Cao Bằng/Phường Đề Thám , TP. Cao Bằng, Vietnam",Cao Bằng,https://aqicn.org/city/vietnam/cao-bang/phuong-de-tham---tp.-cao-bang,22.67953,106.215361,15,7,18.5,1,990.9,84.8,15,10,8,12
2025-03-10 14:00:00,13252,"Cao Bằng/Trạm khí TTQT, Vietnam",Cao Bằng,https://aqicn.org/city/vietnam/cao-bang/tram-khi-ttqt,22.6782,106.245,55,N/A,18.5,1,990.9,84.8,55,42,2,14
2025-03-10 15:00:00,13688,"Cao Bằng/Phường Đề Thám , TP. Cao Bằng, Vietnam",Cao Bằng,https://aqicn.org/city/vietnam/cao-bang/phuong-de-tham---tp.-cao-bang,22.67953,106.215361,15,7,18.5,1,990.9,84.8,15,10,9,11
2025-03-10 15:00:00,13252,"Cao Bằng/Trạm khí TTQT, Vietnam",Cao Bằng,https://aqicn.org/city/vietnam/cao-bang/tram-khi-ttqt,22.6782,106.245,54,N/A,18.5,1,990.9,84.8,54,43,2,14
2025-03-10 15:00:00,13688,"Cao Bằng/Phường Đề Thám , TP. Cao Bằng, Vietnam",Cao Bằng,https://aqicn.org/city/vietnam/cao-bang/phuong-de-tham---tp.-cao-bang,22.67953,106.215361,15,7,18.5,1,990.9,84.8,15,10,9,11
2025-03-10 16:00:00,13252,"Cao Bằng/Trạm khí TTQT, Vietnam",Cao Bằng,https://aqicn.org/city/vietnam/cao-bang/tram-khi-ttqt,22.6782,106.245,52,N/A,18.5,1,990.9,84.8,52,43,2,16
2025-03-10 17:00:00,13688,"Cao Bằng/Phường Đề Thám , TP. Cao Bằng, Vietnam",Cao Bằng,https://aqicn.org/city/vietnam/cao-bang/phuong-de-tham---tp.-cao-bang,22.67953,106.215361,13,7,18.5,1,990.9,84.8,13,9,11,11
2025-03-10 17:00:00,13252,"Cao Bằng/Trạm khí TTQT, Vietnam",Cao Bằng,https://aqicn.org/city/vietnam/cao-bang/tram-khi-ttqt,22.6782,106.245,50,N/A,18.5,1,990.9,84.8,50,43,2,17
2025-03-10 18:00:00,13688,"Cao Bằng/Phường Đề Thám , TP. Cao Bằng, Vietnam",Cao Bằng,https://aqicn.org/city/vietnam/cao-bang/phuong-de-tham---tp.-cao-bang,22.67953,106.215361,13,6,18.5,1,990.9,84.8,13,9,11,11
2025-03-10 17:00:00,13252,"Cao Bằng/Trạm khí TTQT, Vietnam",Cao Bằng,https://aqicn.org/city/vietnam/cao-bang/tram-khi-ttqt,22.6782,106.245,50,N/A,18.5,1,990.9,84.8,50,43,2,17
2025-03-10 19:00:00,13688,"Cao Bằng/Phường Đề Thám , TP. Cao Bằng, Vietnam",Cao Bằng,https://aqicn.org/city/vietnam/cao-bang/phuong-de-tham---tp.-cao-bang,22.67953,106.215361,13,6,18.5,1,990.9,84.8,13,8,12,10
2025-03-10 19:00:00,13252,"Cao Bằng/Trạm khí TTQT, Vietnam",Cao Bằng,https://aqicn.org/city/vietnam/cao-bang/tram-khi-ttqt,22.6782,106.245,50,N/A,18.5,1,990.9,84.8,50,47,2,16
2025-03-10 20:00:00,13688,"Cao Bằng/Phường Đề Thám , TP. Cao Bằng, Vietnam",Cao Bằng,https://aqicn.org/city/vietnam/cao-bang/phuong-de-tham---tp.-cao-bang,22.67953,106.215361,13,10,19.4,1,987.3,84.4,13,8,9,11
2025-03-10 20:00:00,13252,"Cao Bằng/Trạm khí TTQT, Vietnam",Cao Bằng,https://aqicn.org/city/vietnam/cao-bang/tram-khi-ttqt,22.6782,106.245,50,N/A,19.4,1,987.3,84.4,50,47,2,16
2025-03-10 21:00:00,13688,"Cao Bằng/Phường Đề Thám , TP. Cao Bằng, Vietnam",Cao Bằng,https://aqicn.org/city/vietnam/cao-bang/phuong-de-tham---tp.-cao-bang,22.67953,106.215361,13,12,19.4,1,987.3,84.4,13,8,6,12
2025-03-10 21:00:00,13252,"Cao Bằng/Trạm khí TTQT, Vietnam",Cao Bằng,https://aqicn.org/city/vietnam/cao-bang/tram-khi-ttqt,22.6782,106.245,50,N/A,19.4,1,987.3,84.4,50,45,2,14
2025-03-10 22:00:00,13688,"Cao Bằng/Phường Đề Thám , TP. Cao Bằng, Vietnam",Cao Bằng,https://aqicn.org/city/vietnam/cao-bang/phuong-de-tham---tp.-cao-bang,22.67953,106.215361,13,12,19.4,1,987.3,84.4,13,9,5,13
2025-03-10 22:00:00,13252,"Cao Bằng/Trạm khí TTQT, Vietnam",Cao Bằng,https://aqicn.org/city/vietnam/cao-bang/tram-khi-ttqt,22.6782,106.245,52,N/A,19.4,1,987.3,84.4,52,45,1,14
2025-03-10 23:00:00,13688,"Cao Bằng/Phường Đề Thám , TP. Cao Bằng, Vietnam",Cao Bằng,https://aqicn.org/city/vietnam/cao-bang/phuong-de-tham---tp.-cao-bang,22.67953,106.215361,14,11,19.1,2,989.8,86,14,9,2,13
2025-03-10 23:00:00,13252,"Cao Bằng/Trạm khí TTQT, Vietnam",Cao Bằng,https://aqicn.org/city/vietnam/cao-bang/tram-khi-ttqt,22.6782,106.245,51,N/A,19.1,2,989.8,86,51,43,2,13
2025-03-10 23:00:00,13688,"Cao Bằng/Phường Đề Thám , TP. Cao Bằng, Vietnam",Cao Bằng,https://aqicn.org/city/vietnam/cao-bang/phuong-de-tham---tp.-cao-bang,22.67953,106.215361,14,11,19.1,2,989.8,86,14,9,2,13
2025-03-11 00:00:00,13252,"Cao Bằng/Trạm khí TTQT, Vietnam",Cao Bằng,https://aqicn.org/city/vietnam/cao-bang/tram-khi-ttqt,22.6782,106.245,53,N/A,19.1,2,989.8,86,53,44,1,11
2025-03-11 01:00:00,13688,"Cao Bằng/Phường Đề Thám , TP. Cao Bằng, Vietnam",Cao Bằng,https://aqicn.org/city/vietnam/cao-bang/phuong-de-tham---tp.-cao-bang,22.67953,106.215361,15,10,19.1,2,989.8,86,15,9,2,12
2025-03-11 01:00:00,13252,"Cao Bằng/Trạm khí TTQT, Vietnam",Cao Bằng,https://aqicn.org/city/vietnam/cao-bang/tram-khi-ttqt,22.6782,106.245,53,N/A,19.1,2,989.8,86,53,42,2,12
2025-03-11 02:00:00,13688,"Cao Bằng/Phường Đề Thám , TP. Cao Bằng, Vietnam",Cao Bằng,https://aqicn.org/city/vietnam/cao-bang/phuong-de-tham---tp.-cao-bang,22.67953,106.215361,14,9,18.6,2,988.3,91,14,9,3,10
2025-03-11 02:00:00,13252,"Cao Bằng/Trạm khí TTQT, Vietnam",Cao Bằng,https://aqicn.org/city/vietnam/cao-bang/tram-khi-ttqt,22.6782,106.245,53,N/A,18.6,2,988.3,91,53,42,1,12
2025-03-11 03:00:00,13688,"Cao Bằng/Phường Đề Thám , TP. Cao Bằng, Vietnam",Cao Bằng,https://aqicn.org/city/vietnam/cao-bang/phuong-de-tham---tp.-cao-bang,22.67953,106.215361,11,9,18.6,2,988.3,91,11,7,5,11
2025-03-11 03:00:00,13252,"Cao Bằng/Trạm khí TTQT, Vietnam",Cao Bằng,https://aqicn.org/city/vietnam/cao-bang/tram-khi-ttqt,22.6782,106.245,56,N/A,18.6,2,988.3,91,56,43,2,12
2025-03-11 04:00:00,13688,"Cao Bằng/Phường Đề Thám , TP. Cao Bằng, Vietnam",Cao Bằng,https://aqicn.org/city/vietnam/cao-bang/phuong-de-tham---tp.-cao-bang,22.67953,106.215361,10,11,18.6,2,988.3,91,10,7,3,10
2025-03-11 03:00:00,13252,"Cao Bằng/Trạm khí TTQT, Vietnam",Cao Bằng,https://aqicn.org/city/vietnam/cao-bang/tram-khi-ttqt,22.6782,106.245,56,N/A,18.6,2,988.3,91,56,43,2,12
2025-03-11 05:00:00,13688,"Cao Bằng/Phường Đề Thám , TP. Cao Bằng, Vietnam",Cao Bằng,https://aqicn.org/city/vietnam/cao-bang/phuong-de-tham---tp.-cao-bang,22.67953,106.215361,10,13,18.1,2,986.8,97.5,10,7,2,10
2025-03-11 05:00:00,13252,"Cao Bằng/Trạm khí TTQT, Vietnam",Cao Bằng,https://aqicn.org/city/vietnam/cao-bang/tram-khi-ttqt,22.6782,106.245,58,N/A,18.1,2,986.8,97.5,58,44,1,11
2025-03-11 06:00:00,13688,"Cao Bằng/Phường Đề Thám , TP. Cao Bằng, Vietnam",Cao Bằng,https://aqicn.org/city/vietnam/cao-bang/phuong-de-tham---tp.-cao-bang,22.67953,106.215361,10,12,18.1,2,986.8,97.5,10,7,2,11
2025-03-11 06:00:00,13252,"Cao Bằng/Trạm khí TTQT, Vietnam",Cao Bằng,https://aqicn.org/city/vietnam/cao-bang/tram-khi-ttqt,22.6782,106.245,60,N/A,18.1,2,986.8,97.5,60,45,1,8
2025-03-11 07:00:00,13688,"Cao Bằng/Phường Đề Thám , TP. Cao Bằng, Vietnam",Cao Bằng,https://aqicn.org/city/vietnam/cao-bang/phuong-de-tham---tp.-cao-bang,22.67953,106.215361,10,10,18.1,2,986.8,97.5,10,6,2,9
2025-03-11 07:00:00,13252,"Cao Bằng/Trạm khí TTQT, Vietnam",Cao Bằng,https://aqicn.org/city/vietnam/cao-bang/tram-khi-ttqt,22.6782,106.245,58,N/A,18.1,2,986.8,97.5,58,44,1,10
2025-03-11 09:00:00,13688,"Cao Bằng/Phường Đề Thám , TP. Cao Bằng, Vietnam",Cao Bằng,https://aqicn.org/city/vietnam/cao-bang/phuong-de-tham---tp.-cao-bang,22.67953,106.215361,12,14,18,2,987.9,97.5,12,8,2,11
2025-03-11 09:00:00,13252,"Cao Bằng/Trạm khí TTQT, Vietnam",Cao Bằng,https://aqicn.org/city/vietnam/cao-bang/tram-khi-ttqt,22.6782,106.245,50,N/A,18,2,987.9,97.5,50,46,1,15
2025-03-11 10:00:00,13688,"Cao Bằng/Phường Đề Thám , TP. Cao Bằng, Vietnam",Cao Bằng,https://aqicn.org/city/vietnam/cao-bang/phuong-de-tham---tp.-cao-bang,22.67953,106.215361,13,14,18,2,987.9,97.5,13,9,3,13
2025-03-11 10:00:00,13252,"Cao Bằng/Trạm khí TTQT, Vietnam",Cao Bằng,https://aqicn.org/city/vietnam/cao-bang/tram-khi-ttqt,22.6782,106.245,45,N/A,18,2,987.9,97.5,43,45,1,17
2025-03-11 11:00:00,13688,"Cao Bằng/Phường Đề Thám , TP. Cao Bằng, Vietnam",Cao Bằng,https://aqicn.org/city/vietnam/cao-bang/phuong-de-tham---tp.-cao-bang,22.67953,106.215361,11,11,20.6,2,988.4,87.8,11,8,5,19
2025-03-11 11:00:00,13252,"Cao Bằng/Trạm khí TTQT, Vietnam",Cao Bằng,https://aqicn.org/city/vietnam/cao-bang/tram-khi-ttqt,22.6782,106.245,44,N/A,20.6,2,988.4,87.8,35,44,1,21
2025-03-11 12:00:00,13688,"Cao Bằng/Phường Đề Thám , TP. Cao Bằng, Vietnam",Cao Bằng,https://aqicn.org/city/vietnam/cao-bang/phuong-de-tham---tp.-cao-bang,22.67953,106.215361,8,7,20.6,2,988.4,87.8,8,6,9,12
2025-03-11 12:00:00,13252,"Cao Bằng/Trạm khí TTQT, Vietnam",Cao Bằng,https://aqicn.org/city/vietnam/cao-bang/tram-khi-ttqt,22.6782,106.245,42,N/A,20.6,2,988.4,87.8,31,42,2,20
2025-03-11 13:00:00,13688,"Cao Bằng/Phường Đề Thám , TP. Cao Bằng, Vietnam",Cao Bằng,https://aqicn.org/city/vietnam/cao-bang/phuong-de-tham---tp.-cao-bang,22.67953,106.215361,7,6,20.6,2,988.4,87.8,7,5,11,9
2025-03-11 12:00:00,13252,"Cao Bằng/Trạm khí TTQT, Vietnam",Cao Bằng,https://aqicn.org/city/vietnam/cao-bang/tram-khi-ttqt,22.6782,106.245,42,N/A,20.6,2,988.4,87.8,31,42,2,20
2025-03-11 14:00:00,13688,"Cao Bằng/Phường Đề Thám , TP. Cao Bằng, Vietnam",Cao Bằng,https://aqicn.org/city/vietnam/cao-bang/phuong-de-tham---tp.-cao-bang,22.67953,106.215361,5,6,20.6,2,988.4,87.8,5,4,11,7
2025-03-11 12:00:00,13252,"Cao Bằng/Trạm khí TTQT, Vietnam",Cao Bằng,https://aqicn.org/city/vietnam/cao-bang/tram-khi-ttqt,22.6782,106.245,42,N/A,20.6,2,988.4,87.8,31,42,2,20
2025-03-11 15:00:00,13688,"Cao Bằng/Phường Đề Thám , TP. Cao Bằng, Vietnam",Cao Bằng,https://aqicn.org/city/vietnam/cao-bang/phuong-de-tham---tp.-cao-bang,22.67953,106.215361,5,4,20.6,2,988.4,87.8,5,4,14,6
2025-03-11 12:00:00,13252,"Cao Bằng/Trạm khí TTQT, Vietnam",Cao Bằng,https://aqicn.org/city/vietnam/cao-bang/tram-khi-ttqt,22.6782,106.245,42,N/A,20.6,2,988.4,87.8,31,42,2,20
2025-03-11 16:00:00,13688,"Cao Bằng/Phường Đề Thám , TP. Cao Bằng, Vietnam",Cao Bằng,https://aqicn.org/city/vietnam/cao-bang/phuong-de-tham---tp.-cao-bang,22.67953,106.215361,4,4,20.6,2,988.4,87.8,4,4,12,6
2025-03-11 12:00:00,13252,"Cao Bằng/Trạm khí TTQT, Vietnam",Cao Bằng,https://aqicn.org/city/vietnam/cao-bang/tram-khi-ttqt,22.6782,106.245,42,N/A,20.6,2,988.4,87.8,31,42,2,20
2025-03-11 17:00:00,13688,"Cao Bằng/Phường Đề Thám , TP. Cao Bằng, Vietnam",Cao Bằng,https://aqicn.org/city/vietnam/cao-bang/phuong-de-tham---tp.-cao-bang,22.67953,106.215361,4,4,23.3,3,982.9,75.4,4,4,11,7
2025-03-11 12:00:00,13252,"Cao Bằng/Trạm khí TTQT, Vietnam",Cao Bằng,https://aqicn.org/city/vietnam/cao-bang/tram-khi-ttqt,22.6782,106.245,42,N/A,20.6,2,988.4,87.8,31,42,2,20
2025-03-11 17:00:00,13688,"Cao Bằng/Phường Đề Thám , TP. Cao Bằng, Vietnam",Cao Bằng,https://aqicn.org/city/vietnam/cao-bang/phuong-de-tham---tp.-cao-bang,22.67953,106.215361,4,4,23.3,3,982.9,75.4,4,4,11,7
2025-03-11 12:00:00,13252,"Cao Bằng/Trạm khí TTQT, Vietnam",Cao Bằng,https://aqicn.org/city/vietnam/cao-bang/tram-khi-ttqt,22.6782,106.245,42,N/A,20.6,2,988.4,87.8,31,42,2,20
2025-03-11 19:00:00,13688,"Cao Bằng/Phường Đề Thám , TP. Cao Bằng, Vietnam",Cao Bằng,https://aqicn.org/city/vietnam/cao-bang/phuong-de-tham---tp.-cao-bang,22.67953,106.215361,5,6,23.3,3,982.9,75.4,5,4,11,10
2025-03-11 12:00:00,13252,"Cao Bằng/Trạm khí TTQT, Vietnam",Cao Bằng,https://aqicn.org/city/vietnam/cao-bang/tram-khi-ttqt,22.6782,106.245,42,N/A,20.6,2,988.4,87.8,31,42,2,20
2025-03-11 20:00:00,13688,"Cao Bằng/Phường Đề Thám , TP. Cao Bằng, Vietnam",Cao Bằng,https://aqicn.org/city/vietnam/cao-bang/phuong-de-tham---tp.-cao-bang,22.67953,106.215361,6,7,21.9,2,984,83.1,6,4,11,10
2025-03-11 20:00:00,13688,"Cao Bằng/Phường Đề Thám , TP. Cao Bằng, Vietnam",Cao Bằng,https://aqicn.org/city/vietnam/cao-bang/phuong-de-tham---tp.-cao-bang,22.6782,106.245,6,7,21.9,2,984,83.1,6,4,11,10
2025-03-11 20:00:00,13688,"Cao Bằng/Phường Đề Thám , TP. Cao Bằng, Vietnam",Cao Bằng,https://aqicn.org/city/vietnam/cao-bang/phuong-de-tham---tp.-cao-bang,22.67953,106.215361,6,7,21.9,2,984,83.1,6,4,11,10
2025-03-11 20:00:00,13688,"Cao Bằng/Phường Đề Thám , TP. Cao Bằng, Vietnam",Cao Bằng,https://aqicn.org/city/vietnam/cao-bang/phuong-de-tham---tp.-cao-bang,22.6782,106.245,6,7,21.9,2,984,83.1,6,4,11,10
2025-03-11 22:00:00,13688,"Cao Bằng/Phường Đề Thám , TP. Cao Bằng, Vietnam",Cao Bằng,https://aqicn.org/city/vietnam/cao-bang/phuong-de-tham---tp.-cao-bang,22.67953,106.215361,6,5,21.9,2,984,83.1,6,4,10,9
2025-03-11 22:00:00,13688,"Cao Bằng/Phường Đề Thám , TP. Cao Bằng, Vietnam",Cao Bằng,https://aqicn.org/city/vietnam/cao-bang/phuong-de-tham---tp.-cao-bang,22.6782,106.245,6,5,21.9,2,984,83.1,6,4,10,9
2025-03-11 23:00:00,13688,"Cao Bằng/Phường Đề Thám , TP. Cao Bằng, Vietnam",Cao Bằng,https://aqicn.org/city/vietnam/cao-bang/phuong-de-tham---tp.-cao-bang,22.67953,106.215361,6,7,21.6,2,985.4,85.2,6,5,8,9
2025-03-11 23:00:00,13688,"Cao Bằng/Phường Đề Thám , TP. Cao Bằng, Vietnam",Cao Bằng,https://aqicn.org/city/vietnam/cao-bang/phuong-de-tham---tp.-cao-bang,22.6782,106.245,6,7,21.6,2,985.4,85.2,6,5,8,9
2025-03-12 00:00:00,13688,"Cao Bằng/Phường Đề Thám , TP. Cao Bằng, Vietnam",Cao Bằng,https://aqicn.org/city/vietnam/cao-bang/phuong-de-tham---tp.-cao-bang,22.67953,106.215361,6,10,21.6,2,985.4,85.2,6,5,38,9
2025-03-12 00:00:00,13688,"Cao Bằng/Phường Đề Thám , TP. Cao Bằng, Vietnam",Cao Bằng,https://aqicn.org/city/vietnam/cao-bang/phuong-de-tham---tp.-cao-bang,22.6782,106.245,6,10,21.6,2,985.4,85.2,6,5,38,9
2025-03-12 01:00:00,13688,"Cao Bằng/Phường Đề Thám , TP. Cao Bằng, Vietnam",Cao Bằng,https://aqicn.org/city/vietnam/cao-bang/phuong-de-tham---tp.-cao-bang,22.67953,106.215361,7,9,21.6,2,985.4,85.2,7,5,7,9
2025-03-12 01:00:00,13688,"Cao Bằng/Phường Đề Thám , TP. Cao Bằng, Vietnam",Cao Bằng,https://aqicn.org/city/vietnam/cao-bang/phuong-de-tham---tp.-cao-bang,22.6782,106.245,7,9,21.6,2,985.4,85.2,7,5,7,9
2025-03-12 01:00:00,13688,"Cao Bằng/Phường Đề Thám , TP. Cao Bằng, Vietnam",Cao Bằng,https://aqicn.org/city/vietnam/cao-bang/phuong-de-tham---tp.-cao-bang,22.67953,106.215361,7,9,21.6,2,985.4,85.2,7,5,7,9
2025-03-12 01:00:00,13688,"Cao Bằng/Phường Đề Thám , TP. Cao Bằng, Vietnam",Cao Bằng,https://aqicn.org/city/vietnam/cao-bang/phuong-de-tham---tp.-cao-bang,22.6782,106.245,7,9,21.6,2,985.4,85.2,7,5,7,9
2025-03-12 03:00:00,13688,"Cao Bằng/Phường Đề Thám , TP. Cao Bằng, Vietnam",Cao Bằng,https://aqicn.org/city/vietnam/cao-bang/phuong-de-tham---tp.-cao-bang,22.67953,106.215361,7,8,21,2,984.4,90.6,7,5,3,12
2025-03-12 03:00:00,13688,"Cao Bằng/Phường Đề Thám , TP. Cao Bằng, Vietnam",Cao Bằng,https://aqicn.org/city/vietnam/cao-bang/phuong-de-tham---tp.-cao-bang,22.6782,106.245,7,8,21,2,984.4,90.6,7,5,3,12
2025-03-12 04:00:00,13688,"Cao Bằng/Phường Đề Thám , TP. Cao Bằng, Vietnam",Cao Bằng,https://aqicn.org/city/vietnam/cao-bang/phuong-de-tham---tp.-cao-bang,22.67953,106.215361,7,7,21,2,984.4,90.6,7,5,2,11
2025-03-12 04:00:00,13688,"Cao Bằng/Phường Đề Thám , TP. Cao Bằng, Vietnam",Cao Bằng,https://aqicn.org/city/vietnam/cao-bang/phuong-de-tham---tp.-cao-bang,22.6782,106.245,7,7,21,2,984.4,90.6,7,5,2,11
2025-03-12 05:00:00,13688,"Cao Bằng/Phường Đề Thám , TP. Cao Bằng, Vietnam",Cao Bằng,https://aqicn.org/city/vietnam/cao-bang/phuong-de-tham---tp.-cao-bang,22.67953,106.215361,7,6,20.6,1,983.6,94,7,5,2,9
2025-03-12 05:00:00,13688,"Cao Bằng/Phường Đề Thám , TP. Cao Bằng, Vietnam",Cao Bằng,https://aqicn.org/city/vietnam/cao-bang/phuong-de-tham---tp.-cao-bang,22.6782,106.245,7,6,20.6,1,983.6,94,7,5,2,9
2025-03-12 06:00:00,13688,"Cao Bằng/Phường Đề Thám , TP. Cao Bằng, Vietnam",Cao Bằng,https://aqicn.org/city/vietnam/cao-bang/phuong-de-tham---tp.-cao-bang,22.67953,106.215361,7,7,20.6,1,983.6,94,7,5,2,9
2025-03-12 06:00:00,13688,"Cao Bằng/Phường Đề Thám , TP. Cao Bằng, Vietnam",Cao Bằng,https://aqicn.org/city/vietnam/cao-bang/phuong-de-tham---tp.-cao-bang,22.6782,106.245,7,7,20.6,1,983.6,94,7,5,2,9
2025-03-12 07:00:00,13688,"Cao Bằng/Phường Đề Thám , TP. Cao Bằng, Vietnam",Cao Bằng,https://aqicn.org/city/vietnam/cao-bang/phuong-de-tham---tp.-cao-bang,22.67953,106.215361,7,7,20.6,1,983.6,94,7,5,2,8
2025-03-12 07:00:00,13688,"Cao Bằng/Phường Đề Thám , TP. Cao Bằng, Vietnam",Cao Bằng,https://aqicn.org/city/vietnam/cao-bang/phuong-de-tham---tp.-cao-bang,22.6782,106.245,7,7,20.6,1,983.6,94,7,5,2,8
2025-03-12 09:00:00,13688,"Cao Bằng/Phường Đề Thám , TP. Cao Bằng, Vietnam",Cao Bằng,https://aqicn.org/city/vietnam/cao-bang/phuong-de-tham---tp.-cao-bang,22.67953,106.215361,9,12,20.5,1,985.2,95.8,9,7,3,13
2025-03-12 09:00:00,13688,"Cao Bằng/Phường Đề Thám , TP. Cao Bằng, Vietnam",Cao Bằng,https://aqicn.org/city/vietnam/cao-bang/phuong-de-tham---tp.-cao-bang,22.6782,106.245,9,12,20.5,1,985.2,95.8,9,7,3,13
2025-03-12 10:00:00,13688,"Cao Bằng/Phường Đề Thám , TP. Cao Bằng, Vietnam",Cao Bằng,https://aqicn.org/city/vietnam/cao-bang/phuong-de-tham---tp.-cao-bang,22.67953,106.215361,6,9,20.5,1,985.2,95.8,6,5,5,14
2025-03-12 10:00:00,13688,"Cao Bằng/Phường Đề Thám , TP. Cao Bằng, Vietnam",Cao Bằng,https://aqicn.org/city/vietnam/cao-bang/phuong-de-tham---tp.-cao-bang,22.6782,106.245,6,9,20.5,1,985.2,95.8,6,5,5,14
2025-03-12 11:00:00,13688,"Cao Bằng/Phường Đề Thám , TP. Cao Bằng, Vietnam",Cao Bằng,https://aqicn.org/city/vietnam/cao-bang/phuong-de-tham---tp.-cao-bang,22.67953,106.215361,5,7,23,2,986.3,84.8,5,4,7,11
2025-03-12 11:00:00,13688,"Cao Bằng/Phường Đề Thám , TP. Cao Bằng, Vietnam",Cao Bằng,https://aqicn.org/city/vietnam/cao-bang/phuong-de-tham---tp.-cao-bang,22.6782,106.245,5,7,23,2,986.3,84.8,5,4,7,11
2025-03-12 12:00:00,13688,"Cao Bằng/Phường Đề Thám , TP. Cao Bằng, Vietnam",Cao Bằng,https://aqicn.org/city/vietnam/cao-bang/phuong-de-tham---tp.-cao-bang,22.67953,106.215361,4,6,23,2,986.3,84.8,4,3,7,10
2025-03-12 12:00:00,13688,"Cao Bằng/Phường Đề Thám , TP. Cao Bằng, Vietnam",Cao Bằng,https://aqicn.org/city/vietnam/cao-bang/phuong-de-tham---tp.-cao-bang,22.6782,106.245,4,6,23,2,986.3,84.8,4,3,7,10
2025-03-12 13:00:00,13688,"Cao Bằng/Phường Đề Thám , TP. Cao Bằng, Vietnam",Cao Bằng,https://aqicn.org/city/vietnam/cao-bang/phuong-de-tham---tp.-cao-bang,22.67953,106.215361,3,4,23,2,986.3,84.8,3,3,9,8
2025-03-12 13:00:00,13688,"Cao Bằng/Phường Đề Thám , TP. Cao Bằng, Vietnam",Cao Bằng,https://aqicn.org/city/vietnam/cao-bang/phuong-de-tham---tp.-cao-bang,22.6782,106.245,3,4,23,2,986.3,84.8,3,3,9,8
2025-03-12 14:00:00,13688,"Cao Bằng/Phường Đề Thám , TP. Cao Bằng, Vietnam",Cao Bằng,https://aqicn.org/city/vietnam/cao-bang/phuong-de-tham---tp.-cao-bang,22.67953,106.215361,3,5,23.7,1,983.1,84.3,3,3,8,7
2025-03-12 14:00:00,13688,"Cao Bằng/Phường Đề Thám , TP. Cao Bằng, Vietnam",Cao Bằng,https://aqicn.org/city/vietnam/cao-bang/phuong-de-tham---tp.-cao-bang,22.6782,106.245,3,5,23.7,1,983.1,84.3,3,3,8,7
2025-03-12 15:00:00,13688,"Cao Bằng/Phường Đề Thám , TP. Cao Bằng, Vietnam",Cao Bằng,https://aqicn.org/city/vietnam/cao-bang/phuong-de-tham---tp.-cao-bang,22.67953,106.215361,3,4,23.7,1,983.1,84.3,3,3,9,7
2025-03-12 15:00:00,13688,"Cao Bằng/Phường Đề Thám , TP. Cao Bằng, Vietnam",Cao Bằng,https://aqicn.org/city/vietnam/cao-bang/phuong-de-tham---tp.-cao-bang,22.6782,106.245,3,4,23.7,1,983.1,84.3,3,3,9,7
2025-03-12 16:00:00,13688,"Cao Bằng/Phường Đề Thám , TP. Cao Bằng, Vietnam",Cao Bằng,https://aqicn.org/city/vietnam/cao-bang/phuong-de-tham---tp.-cao-bang,22.67953,106.215361,2,4,23.7,1,983.1,84.3,2,2,9,7
2025-03-12 16:00:00,13688,"Cao Bằng/Phường Đề Thám , TP. Cao Bằng, Vietnam",Cao Bằng,https://aqicn.org/city/vietnam/cao-bang/phuong-de-tham---tp.-cao-bang,22.6782,106.245,2,4,23.7,1,983.1,84.3,2,2,9,7
2025-03-12 17:00:00,13688,"Cao Bằng/Phường Đề Thám , TP. Cao Bằng, Vietnam",Cao Bằng,https://aqicn.org/city/vietnam/cao-bang/phuong-de-tham---tp.-cao-bang,22.67953,106.215361,3,5,24.7,1,980.5,78.5,3,3,8,8
2025-03-12 17:00:00,13688,"Cao Bằng/Phường Đề Thám , TP. Cao Bằng, Vietnam",Cao Bằng,https://aqicn.org/city/vietnam/cao-bang/phuong-de-tham---tp.-cao-bang,22.6782,106.245,3,5,24.7,1,980.5,78.5,3,3,8,8
2025-03-12 18:00:00,13688,"Cao Bằng/Phường Đề Thám , TP. Cao Bằng, Vietnam",Cao Bằng,https://aqicn.org/city/vietnam/cao-bang/phuong-de-tham---tp.-cao-bang,22.67953,106.215361,3,5,24.7,1,980.5,78.5,3,3,8,9
2025-03-12 18:00:00,13688,"Cao Bằng/Phường Đề Thám , TP. Cao Bằng, Vietnam",Cao Bằng,https://aqicn.org/city/vietnam/cao-bang/phuong-de-tham---tp.-cao-bang,22.6782,106.245,3,5,24.7,1,980.5,78.5,3,3,8,9
2025-03-12 19:00:00,13688,"Cao Bằng/Phường Đề Thám , TP. Cao Bằng, Vietnam",Cao Bằng,https://aqicn.org/city/vietnam/cao-bang/phuong-de-tham---tp.-cao-bang,22.67953,106.215361,4,6,24.7,1,980.5,78.5,4,3,8,10
2025-03-12 19:00:00,13688,"Cao Bằng/Phường Đề Thám , TP. Cao Bằng, Vietnam",Cao Bằng,https://aqicn.org/city/vietnam/cao-bang/phuong-de-tham---tp.-cao-bang,22.6782,106.245,4,6,24.7,1,980.5,78.5,4,3,8,10
2025-03-12 20:00:00,13688,"Cao Bằng/Phường Đề Thám , TP. Cao Bằng, Vietnam",Cao Bằng,https://aqicn.org/city/vietnam/cao-bang/phuong-de-tham---tp.-cao-bang,22.67953,106.215361,4,8,23.1,1,981.4,87.4,4,3,7,11
2025-03-12 20:00:00,13688,"Cao Bằng/Phường Đề Thám , TP. Cao Bằng, Vietnam",Cao Bằng,https://aqicn.org/city/vietnam/cao-bang/phuong-de-tham---tp.-cao-bang,22.6782,106.245,4,8,23.1,1,981.4,87.4,4,3,7,11
2025-03-12 20:00:00,13688,"Cao Bằng/Phường Đề Thám , TP. Cao Bằng, Vietnam",Cao Bằng,https://aqicn.org/city/vietnam/cao-bang/phuong-de-tham---tp.-cao-bang,22.67953,106.215361,4,8,23.1,1,981.4,87.4,4,3,7,11
2025-03-12 20:00:00,13688,"Cao Bằng/Phường Đề Thám , TP. Cao Bằng, Vietnam",Cao Bằng,https://aqicn.org/city/vietnam/cao-bang/phuong-de-tham---tp.-cao-bang,22.6782,106.245,4,8,23.1,1,981.4,87.4,4,3,7,11
2025-03-12 22:00:00,13688,"Cao Bằng/Phường Đề Thám , TP. Cao Bằng, Vietnam",Cao Bằng,https://aqicn.org/city/vietnam/cao-bang/phuong-de-tham---tp.-cao-bang,22.67953,106.215361,3,6,23.1,1,981.4,87.4,3,2,8,8
2025-03-12 22:00:00,13688,"Cao Bằng/Phường Đề Thám , TP. Cao Bằng, Vietnam",Cao Bằng,https://aqicn.org/city/vietnam/cao-bang/phuong-de-tham---tp.-cao-bang,22.6782,106.245,3,6,23.1,1,981.4,87.4,3,2,8,8
2025-03-12 23:00:00,13688,"Cao Bằng/Phường Đề Thám , TP. Cao Bằng, Vietnam",Cao Bằng,https://aqicn.org/city/vietnam/cao-bang/phuong-de-tham---tp.-cao-bang,22.67953,106.215361,3,6,22.1,1,983.6,93.5,3,2,7,7
2025-03-12 23:00:00,13688,"Cao Bằng/Phường Đề Thám , TP. Cao Bằng, Vietnam",Cao Bằng,https://aqicn.org/city/vietnam/cao-bang/phuong-de-tham---tp.-cao-bang,22.6782,106.245,3,6,22.1,1,983.6,93.5,3,2,7,7
2025-03-12 23:00:00,13688,"Cao Bằng/Phường Đề Thám , TP. Cao Bằng, Vietnam",Cao Bằng,https://aqicn.org/city/vietnam/cao-bang/phuong-de-tham---tp.-cao-bang,22.67953,106.215361,3,6,22.1,1,983.6,93.5,3,2,7,7
2025-03-12 23:00:00,13688,"Cao Bằng/Phường Đề Thám , TP. Cao Bằng, Vietnam",Cao Bằng,https://aqicn.org/city/vietnam/cao-bang/phuong-de-tham---tp.-cao-bang,22.6782,106.245,3,6,22.1,1,983.6,93.5,3,2,7,7
2025-03-13 01:00:00,13688,"Cao Bằng/Phường Đề Thám , TP. Cao Bằng, Vietnam",Cao Bằng,https://aqicn.org/city/vietnam/cao-bang/phuong-de-tham---tp.-cao-bang,22.67953,106.215361,2,7,22.1,1,983.6,93.5,2,2,5,8
2025-03-13 01:00:00,13688,"Cao Bằng/Phường Đề Thám , TP. Cao Bằng, Vietnam",Cao Bằng,https://aqicn.org/city/vietnam/cao-bang/phuong-de-tham---tp.-cao-bang,22.6782,106.245,2,7,22.1,1,983.6,93.5,2,2,5,8
2025-03-13 01:00:00,13688,"Cao Bằng/Phường Đề Thám , TP. Cao Bằng, Vietnam",Cao Bằng,https://aqicn.org/city/vietnam/cao-bang/phuong-de-tham---tp.-cao-bang,22.67953,106.215361,2,7,22.1,1,983.6,93.5,2,2,5,8
2025-03-13 01:00:00,13688,"Cao Bằng/Phường Đề Thám , TP. Cao Bằng, Vietnam",Cao Bằng,https://aqicn.org/city/vietnam/cao-bang/phuong-de-tham---tp.-cao-bang,22.6782,106.245,2,7,22.1,1,983.6,93.5,2,2,5,8
2025-03-13 03:00:00,13688,"Cao Bằng/Phường Đề Thám , TP. Cao Bằng, Vietnam",Cao Bằng,https://aqicn.org/city/vietnam/cao-bang/phuong-de-tham---tp.-cao-bang,22.67953,106.215361,3,7,21.5,1,984,98.2,3,2,3,9
2025-03-13 03:00:00,13688,"Cao Bằng/Phường Đề Thám , TP. Cao Bằng, Vietnam",Cao Bằng,https://aqicn.org/city/vietnam/cao-bang/phuong-de-tham---tp.-cao-bang,22.6782,106.245,3,7,21.5,1,984,98.2,3,2,3,9
2025-03-13 03:00:00,13688,"Cao Bằng/Phường Đề Thám , TP. Cao Bằng, Vietnam",Cao Bằng,https://aqicn.org/city/vietnam/cao-bang/phuong-de-tham---tp.-cao-bang,22.67953,106.215361,3,7,21.5,1,984,98.2,3,2,3,9
2025-03-13 03:00:00,13688,"Cao Bằng/Phường Đề Thám , TP. Cao Bằng, Vietnam",Cao Bằng,https://aqicn.org/city/vietnam/cao-bang/phuong-de-tham---tp.-cao-bang,22.6782,106.245,3,7,21.5,1,984,98.2,3,2,3,9
2025-03-13 04:00:00,13688,"Cao Bằng/Phường Đề Thám , TP. Cao Bằng, Vietnam",Cao Bằng,https://aqicn.org/city/vietnam/cao-bang/phuong-de-tham---tp.-cao-bang,22.67953,106.215361,2,8,21.5,1,984,98.2,2,2,3,9
2025-03-13 04:00:00,13688,"Cao Bằng/Phường Đề Thám , TP. Cao Bằng, Vietnam",Cao Bằng,https://aqicn.org/city/vietnam/cao-bang/phuong-de-tham---tp.-cao-bang,22.6782,106.245,2,8,21.5,1,984,98.2,2,2,3,9
2025-03-13 05:00:00,13688,"Cao Bằng/Phường Đề Thám , TP. Cao Bằng, Vietnam",Cao Bằng,https://aqicn.org/city/vietnam/cao-bang/phuong-de-tham---tp.-cao-bang,22.67953,106.215361,3,8,21.5,1,983.1,97,3,2,2,9
2025-03-13 05:00:00,13688,"Cao Bằng/Phường Đề Thám , TP. Cao Bằng, Vietnam",Cao Bằng,https://aqicn.org/city/vietnam/cao-bang/phuong-de-tham---tp.-cao-bang,22.6782,106.245,3,8,21.5,1,983.1,97,3,2,2,9
2025-03-13 07:00:00,13688,"Cao Bằng/Phường Đề Thám , TP. Cao Bằng, Vietnam",Cao Bằng,https://aqicn.org/city/vietnam/cao-bang/phuong-de-tham---tp.-cao-bang,22.67953,106.215361,3,10,21.5,1,983.1,97,3,2,2,9
2025-03-13 07:00:00,13688,"Cao Bằng/Phường Đề Thám , TP. Cao Bằng, Vietnam",Cao Bằng,https://aqicn.org/city/vietnam/cao-bang/phuong-de-tham---tp.-cao-bang,22.6782,106.245,3,10,21.5,1,983.1,97,3,2,2,9
2025-03-13 09:00:00,13688,"Cao Bằng/Phường Đề Thám , TP. Cao Bằng, Vietnam",Cao Bằng,https://aqicn.org/city/vietnam/cao-bang/phuong-de-tham---tp.-cao-bang,22.67953,106.215361,5,11,21.4,1,984.3,98.2,5,4,2,8
2025-03-13 09:00:00,13688,"Cao Bằng/Phường Đề Thám , TP. Cao Bằng, Vietnam",Cao Bằng,https://aqicn.org/city/vietnam/cao-bang/phuong-de-tham---tp.-cao-bang,22.6782,106.245,5,11,21.4,1,984.3,98.2,5,4,2,8
2025-03-13 10:00:00,13688,"Cao Bằng/Phường Đề Thám , TP. Cao Bằng, Vietnam",Cao Bằng,https://aqicn.org/city/vietnam/cao-bang/phuong-de-tham---tp.-cao-bang,22.67953,106.215361,6,11,21.4,1,984.3,98.2,6,4,2,10
2025-03-13 10:00:00,13688,"Cao Bằng/Phường Đề Thám , TP. Cao Bằng, Vietnam",Cao Bằng,https://aqicn.org/city/vietnam/cao-bang/phuong-de-tham---tp.-cao-bang,22.6782,106.245,6,11,21.4,1,984.3,98.2,6,4,2,10
2025-03-13 11:00:00,13688,"Cao Bằng/Phường Đề Thám , TP. Cao Bằng, Vietnam",Cao Bằng,https://aqicn.org/city/vietnam/cao-bang/phuong-de-tham---tp.-cao-bang,22.67953,106.215361,6,10,22.2,1,985.8,96.4,6,4,3,12
2025-03-13 11:00:00,13688,"Cao Bằng/Phường Đề Thám , TP. Cao Bằng, Vietnam",Cao Bằng,https://aqicn.org/city/vietnam/cao-bang/phuong-de-tham---tp.-cao-bang,22.6782,106.245,6,10,22.2,1,985.8,96.4,6,4,3,12
2025-03-13 12:00:00,13688,"Cao Bằng/Phường Đề Thám , TP. Cao Bằng, Vietnam",Cao Bằng,https://aqicn.org/city/vietnam/cao-bang/phuong-de-tham---tp.-cao-bang,22.67953,106.215361,6,10,22.2,1,985.8,96.4,6,4,3,13
2025-03-13 12:00:00,13688,"Cao Bằng/Phường Đề Thám , TP. Cao Bằng, Vietnam",Cao Bằng,https://aqicn.org/city/vietnam/cao-bang/phuong-de-tham---tp.-cao-bang,22.6782,106.245,6,10,22.2,1,985.8,96.4,6,4,3,13
2025-03-13 13:00:00,13688,"Cao Bằng/Phường Đề Thám , TP. Cao Bằng, Vietnam",Cao Bằng,https://aqicn.org/city/vietnam/cao-bang/phuong-de-tham---tp.-cao-bang,22.67953,106.215361,5,10,22.2,1,985.8,96.4,5,4,3,12
2025-03-13 13:00:00,13688,"Cao Bằng/Phường Đề Thám , TP. Cao Bằng, Vietnam",Cao Bằng,https://aqicn.org/city/vietnam/cao-bang/phuong-de-tham---tp.-cao-bang,22.6782,106.245,5,10,22.2,1,985.8,96.4,5,4,3,12
2025-03-13 14:00:00,13688,"Cao Bằng/Phường Đề Thám , TP. Cao Bằng, Vietnam",Cao Bằng,https://aqicn.org/city/vietnam/cao-bang/phuong-de-tham---tp.-cao-bang,22.67953,106.215361,4,6,24,1,983.1,88.6,4,4,6,9
2025-03-13 14:00:00,13688,"Cao Bằng/Phường Đề Thám , TP. Cao Bằng, Vietnam",Cao Bằng,https://aqicn.org/city/vietnam/cao-bang/phuong-de-tham---tp.-cao-bang,22.6782,106.245,4,6,24,1,983.1,88.6,4,4,6,9
2025-03-13 15:00:00,13688,"Cao Bằng/Phường Đề Thám , TP. Cao Bằng, Vietnam",Cao Bằng,https://aqicn.org/city/vietnam/cao-bang/phuong-de-tham---tp.-cao-bang,22.67953,106.215361,3,4,24,1,983.1,88.6,3,3,9,7
2025-03-13 15:00:00,13688,"Cao Bằng/Phường Đề Thám , TP. Cao Bằng, Vietnam",Cao Bằng,https://aqicn.org/city/vietnam/cao-bang/phuong-de-tham---tp.-cao-bang,22.6782,106.245,3,4,24,1,983.1,88.6,3,3,9,7
2025-03-13 15:00:00,13688,"Cao Bằng/Phường Đề Thám , TP. Cao Bằng, Vietnam",Cao Bằng,https://aqicn.org/city/vietnam/cao-bang/phuong-de-tham---tp.-cao-bang,22.67953,106.215361,3,4,24,1,983.1,88.6,3,3,9,7
2025-03-13 15:00:00,13688,"Cao Bằng/Phường Đề Thám , TP. Cao Bằng, Vietnam",Cao Bằng,https://aqicn.org/city/vietnam/cao-bang/phuong-de-tham---tp.-cao-bang,22.6782,106.245,3,4,24,1,983.1,88.6,3,3,9,7
2025-03-13 16:00:00,13688,"Cao Bằng/Phường Đề Thám , TP. Cao Bằng, Vietnam",Cao Bằng,https://aqicn.org/city/vietnam/cao-bang/phuong-de-tham---tp.-cao-bang,22.67953,106.215361,3,4,24,1,983.1,88.6,3,3,8,7
2025-03-13 16:00:00,13688,"Cao Bằng/Phường Đề Thám , TP. Cao Bằng, Vietnam",Cao Bằng,https://aqicn.org/city/vietnam/cao-bang/phuong-de-tham---tp.-cao-bang,22.6782,106.245,3,4,24,1,983.1,88.6,3,3,8,7
2025-03-13 18:00:00,13688,"Cao Bằng/Phường Đề Thám , TP. Cao Bằng, Vietnam",Cao Bằng,https://aqicn.org/city/vietnam/cao-bang/phuong-de-tham---tp.-cao-bang,22.67953,106.215361,3,3,25,2,981,80.9,2,3,9,7
2025-03-13 18:00:00,13688,"Cao Bằng/Phường Đề Thám , TP. Cao Bằng, Vietnam",Cao Bằng,https://aqicn.org/city/vietnam/cao-bang/phuong-de-tham---tp.-cao-bang,22.6782,106.245,3,3,25,2,981,80.9,2,3,9,7
2025-03-13 19:00:00,13688,"Cao Bằng/Phường Đề Thám , TP. Cao Bằng, Vietnam",Cao Bằng,https://aqicn.org/city/vietnam/cao-bang/phuong-de-tham---tp.-cao-bang,22.67953,106.215361,3,4,25,2,981,80.9,3,3,8,8
2025-03-13 19:00:00,13688,"Cao Bằng/Phường Đề Thám , TP. Cao Bằng, Vietnam",Cao Bằng,https://aqicn.org/city/vietnam/cao-bang/phuong-de-tham---tp.-cao-bang,22.6782,106.245,3,4,25,2,981,80.9,3,3,8,8
2025-03-13 20:00:00,13688,"Cao Bằng/Phường Đề Thám , TP. Cao Bằng, Vietnam",Cao Bằng,https://aqicn.org/city/vietnam/cao-bang/phuong-de-tham---tp.-cao-bang,22.67953,106.215361,3,5,25,2,981,80.9,3,3,7,9
2025-03-13 20:00:00,13688,"Cao Bằng/Phường Đề Thám , TP. Cao Bằng, Vietnam",Cao Bằng,https://aqicn.org/city/vietnam/cao-bang/phuong-de-tham---tp.-cao-bang,22.6782,106.245,3,5,25,2,981,80.9,3,3,7,9
2025-03-13 20:00:00,13688,"Cao Bằng/Phường Đề Thám , TP. Cao Bằng, Vietnam",Cao Bằng,https://aqicn.org/city/vietnam/cao-bang/phuong-de-tham---tp.-cao-bang,22.67953,106.215361,3,5,25,2,981,80.9,3,3,7,9
2025-03-13 20:00:00,13688,"Cao Bằng/Phường Đề Thám , TP. Cao Bằng, Vietnam",Cao Bằng,https://aqicn.org/city/vietnam/cao-bang/phuong-de-tham---tp.-cao-bang,22.6782,106.245,3,5,25,2,981,80.9,3,3,7,9
2025-03-13 22:00:00,13688,"Cao Bằng/Phường Đề Thám , TP. Cao Bằng, Vietnam",Cao Bằng,https://aqicn.org/city/vietnam/cao-bang/phuong-de-tham---tp.-cao-bang,22.67953,106.215361,3,6,25,2,981,80.9,3,3,4,9
2025-03-13 22:00:00,13688,"Cao Bằng/Phường Đề Thám , TP. Cao Bằng, Vietnam",Cao Bằng,https://aqicn.org/city/vietnam/cao-bang/phuong-de-tham---tp.-cao-bang,22.6782,106.245,3,6,25,2,981,80.9,3,3,4,9
2025-03-13 23:00:00,13688,"Cao Bằng/Phường Đề Thám , TP. Cao Bằng, Vietnam",Cao Bằng,https://aqicn.org/city/vietnam/cao-bang/phuong-de-tham---tp.-cao-bang,22.67953,106.215361,4,7,23.2,1,983.8,90.2,4,3,4,9
2025-03-13 23:00:00,13688,"Cao Bằng/Phường Đề Thám , TP. Cao Bằng, Vietnam",Cao Bằng,https://aqicn.org/city/vietnam/cao-bang/phuong-de-tham---tp.-cao-bang,22.6782,106.245,4,7,23.2,1,983.8,90.2,4,3,4,9
2025-03-14 00:00:00,13688,"Cao Bằng/Phường Đề Thám , TP. Cao Bằng, Vietnam",Cao Bằng,https://aqicn.org/city/vietnam/cao-bang/phuong-de-tham---tp.-cao-bang,22.67953,106.215361,4,6,23.2,1,983.8,90.2,4,3,4,8
2025-03-14 00:00:00,13688,"Cao Bằng/Phường Đề Thám , TP. Cao Bằng, Vietnam",Cao Bằng,https://aqicn.org/city/vietnam/cao-bang/phuong-de-tham---tp.-cao-bang,22.6782,106.245,4,6,23.2,1,983.8,90.2,4,3,4,8
2025-03-14 01:00:00,13688,"Cao Bằng/Phường Đề Thám , TP. Cao Bằng, Vietnam",Cao Bằng,https://aqicn.org/city/vietnam/cao-bang/phuong-de-tham---tp.-cao-bang,22.67953,106.215361,4,7,23.2,1,983.8,90.2,4,3,3,7
2025-03-14 01:00:00,13688,"Cao Bằng/Phường Đề Thám , TP. Cao Bằng, Vietnam",Cao Bằng,https://aqicn.org/city/vietnam/cao-bang/phuong-de-tham---tp.-cao-bang,22.6782,106.245,4,7,23.2,1,983.8,90.2,4,3,3,7
2025-03-14 02:00:00,13688,"Cao Bằng/Phường Đề Thám , TP. Cao Bằng, Vietnam",Cao Bằng,https://aqicn.org/city/vietnam/cao-bang/phuong-de-tham---tp.-cao-bang,22.67953,106.215361,4,8,22.6,1,983.2,92.4,4,3,3,7
2025-03-14 02:00:00,13688,"Cao Bằng/Phường Đề Thám , TP. Cao Bằng, Vietnam",Cao Bằng,https://aqicn.org/city/vietnam/cao-bang/phuong-de-tham---tp.-cao-bang,22.6782,106.245,4,8,22.6,1,983.2,92.4,4,3,3,7
2025-03-14 03:00:00,13688,"Cao Bằng/Phường Đề Thám , TP. Cao Bằng, Vietnam",Cao Bằng,https://aqicn.org/city/vietnam/cao-bang/phuong-de-tham---tp.-cao-bang,22.67953,106.215361,4,8,22.6,1,983.2,92.4,4,3,2,6
2025-03-14 03:00:00,13688,"Cao Bằng/Phường Đề Thám , TP. Cao Bằng, Vietnam",Cao Bằng,https://aqicn.org/city/vietnam/cao-bang/phuong-de-tham---tp.-cao-bang,22.6782,106.245,4,8,22.6,1,983.2,92.4,4,3,2,6
2025-03-14 03:00:00,13688,"Cao Bằng/Phường Đề Thám , TP. Cao Bằng, Vietnam",Cao Bằng,https://aqicn.org/city/vietnam/cao-bang/phuong-de-tham---tp.-cao-bang,22.67953,106.215361,4,8,22.6,1,983.2,92.4,4,3,2,6
2025-03-14 03:00:00,13688,"Cao Bằng/Phường Đề Thám , TP. Cao Bằng, Vietnam",Cao Bằng,https://aqicn.org/city/vietnam/cao-bang/phuong-de-tham---tp.-cao-bang,22.6782,106.245,4,8,22.6,1,983.2,92.4,4,3,2,6
2025-03-14 04:00:00,13688,"Cao Bằng/Phường Đề Thám , TP. Cao Bằng, Vietnam",Cao Bằng,https://aqicn.org/city/vietnam/cao-bang/phuong-de-tham---tp.-cao-bang,22.67953,106.215361,5,7,22.4,1,982,92.4,5,3,2,5
2025-03-14 04:00:00,13688,"Cao Bằng/Phường Đề Thám , TP. Cao Bằng, Vietnam",Cao Bằng,https://aqicn.org/city/vietnam/cao-bang/phuong-de-tham---tp.-cao-bang,22.6782,106.245,5,7,22.4,1,982,92.4,5,3,2,5
2025-03-14 05:00:00,13688,"Cao Bằng/Phường Đề Thám , TP. Cao Bằng, Vietnam",Cao Bằng,https://aqicn.org/city/vietnam/cao-bang/phuong-de-tham---tp.-cao-bang,22.67953,106.215361,5,8,22.4,1,982,92.4,5,4,2,6
2025-03-14 05:00:00,13688,"Cao Bằng/Phường Đề Thám , TP. Cao Bằng, Vietnam",Cao Bằng,https://aqicn.org/city/vietnam/cao-bang/phuong-de-tham---tp.-cao-bang,22.6782,106.245,5,8,22.4,1,982,92.4,5,4,2,6
2025-03-14 06:00:00,13688,"Cao Bằng/Phường Đề Thám , TP. Cao Bằng, Vietnam",Cao Bằng,https://aqicn.org/city/vietnam/cao-bang/phuong-de-tham---tp.-cao-bang,22.67953,106.215361,5,9,22.4,1,982,92.4,5,4,2,8
2025-03-14 06:00:00,13688,"Cao Bằng/Phường Đề Thám , TP. Cao Bằng, Vietnam",Cao Bằng,https://aqicn.org/city/vietnam/cao-bang/phuong-de-tham---tp.-cao-bang,22.6782,106.245,5,9,22.4,1,982,92.4,5,4,2,8
2025-03-14 09:00:00,13688,"Cao Bằng/Phường Đề Thám , TP. Cao Bằng, Vietnam",Cao Bằng,https://aqicn.org/city/vietnam/cao-bang/phuong-de-tham---tp.-cao-bang,22.67953,106.215361,5,7,22.1,1,985,96.4,5,3,3,10
2025-03-14 09:00:00,13688,"Cao Bằng/Phường Đề Thám , TP. Cao Bằng, Vietnam",Cao Bằng,https://aqicn.org/city/vietnam/cao-bang/phuong-de-tham---tp.-cao-bang,22.6782,106.245,5,7,22.1,1,985,96.4,5,3,3,10
2025-03-14 10:00:00,13688,"Cao Bằng/Phường Đề Thám , TP. Cao Bằng, Vietnam",Cao Bằng,https://aqicn.org/city/vietnam/cao-bang/phuong-de-tham---tp.-cao-bang,22.67953,106.215361,4,4,22.1,1,985,96.4,4,3,6,9
2025-03-14 10:00:00,13688,"Cao Bằng/Phường Đề Thám , TP. Cao Bằng, Vietnam",Cao Bằng,https://aqicn.org/city/vietnam/cao-bang/phuong-de-tham---tp.-cao-bang,22.6782,106.245,4,4,22.1,1,985,96.4,4,3,6,9
2025-03-14 11:00:00,13688,"Cao Bằng/Phường Đề Thám , TP. Cao Bằng, Vietnam",Cao Bằng,https://aqicn.org/city/vietnam/cao-bang/phuong-de-tham---tp.-cao-bang,22.67953,106.215361,4,3,25,1,985.1,81.9,4,3,8,8
2025-03-14 11:00:00,13688,"Cao Bằng/Phường Đề Thám , TP. Cao Bằng, Vietnam",Cao Bằng,https://aqicn.org/city/vietnam/cao-bang/phuong-de-tham---tp.-cao-bang,22.6782,106.245,4,3,25,1,985.1,81.9,4,3,8,8
2025-03-14 11:00:00,13688,"Cao Bằng/Phường Đề Thám , TP. Cao Bằng, Vietnam",Cao Bằng,https://aqicn.org/city/vietnam/cao-bang/phuong-de-tham---tp.-cao-bang,22.67953,106.215361,4,3,25,1,985.1,81.9,4,3,8,8
2025-03-14 11:00:00,13688,"Cao Bằng/Phường Đề Thám , TP. Cao Bằng, Vietnam",Cao Bằng,https://aqicn.org/city/vietnam/cao-bang/phuong-de-tham---tp.-cao-bang,22.6782,106.245,4,3,25,1,985.1,81.9,4,3,8,8
2025-03-14 12:00:00,13688,"Cao Bằng/Phường Đề Thám , TP. Cao Bằng, Vietnam",Cao Bằng,https://aqicn.org/city/vietnam/cao-bang/phuong-de-tham---tp.-cao-bang,22.67953,106.215361,3,3,25,1,985.1,81.9,3,3,12,7
2025-03-14 12:00:00,13688,"Cao Bằng/Phường Đề Thám , TP. Cao Bằng, Vietnam",Cao Bằng,https://aqicn.org/city/vietnam/cao-bang/phuong-de-tham---tp.-cao-bang,22.6782,106.245,3,3,25,1,985.1,81.9,3,3,12,7
2025-03-14 14:00:00,13688,"Cao Bằng/Phường Đề Thám , TP. Cao Bằng, Vietnam",Cao Bằng,https://aqicn.org/city/vietnam/cao-bang/phuong-de-tham---tp.-cao-bang,22.67953,106.215361,4,3,28,3,982,66.2,4,3,15,6
2025-03-14 14:00:00,13688,"Cao Bằng/Phường Đề Thám , TP. Cao Bằng, Vietnam",Cao Bằng,https://aqicn.org/city/vietnam/cao-bang/phuong-de-tham---tp.-cao-bang,22.6782,106.245,4,3,28,3,982,66.2,4,3,15,6
2025-03-14 15:00:00,13688,"Cao Bằng/Phường Đề Thám , TP. Cao Bằng, Vietnam",Cao Bằng,https://aqicn.org/city/vietnam/cao-bang/phuong-de-tham---tp.-cao-bang,22.67953,106.215361,5,3,28,3,982,66.2,5,4,16,6
2025-03-14 15:00:00,13688,"Cao Bằng/Phường Đề Thám , TP. Cao Bằng, Vietnam",Cao Bằng,https://aqicn.org/city/vietnam/cao-bang/phuong-de-tham---tp.-cao-bang,22.6782,106.245,5,3,28,3,982,66.2,5,4,16,6
2025-03-14 16:00:00,13688,"Cao Bằng/Phường Đề Thám , TP. Cao Bằng, Vietnam",Cao Bằng,https://aqicn.org/city/vietnam/cao-bang/phuong-de-tham---tp.-cao-bang,22.67953,106.215361,5,3,28,3,982,66.2,5,4,17,6
2025-03-14 16:00:00,13688,"Cao Bằng/Phường Đề Thám , TP. Cao Bằng, Vietnam",Cao Bằng,https://aqicn.org/city/vietnam/cao-bang/phuong-de-tham---tp.-cao-bang,22.6782,106.245,5,3,28,3,982,66.2,5,4,17,6
2025-03-14 17:00:00,13688,"Cao Bằng/Phường Đề Thám , TP. Cao Bằng, Vietnam",Cao Bằng,https://aqicn.org/city/vietnam/cao-bang/phuong-de-tham---tp.-cao-bang,22.67953,106.215361,5,3,28.3,2,980.6,66.2,5,4,16,6
2025-03-14 17:00:00,13688,"Cao Bằng/Phường Đề Thám , TP. Cao Bằng, Vietnam",Cao Bằng,https://aqicn.org/city/vietnam/cao-bang/phuong-de-tham---tp.-cao-bang,22.6782,106.245,5,3,28.3,2,980.6,66.2,5,4,16,6
2025-03-14 17:00:00,13688,"Cao Bằng/Phường Đề Thám , TP. Cao Bằng, Vietnam",Cao Bằng,https://aqicn.org/city/vietnam/cao-bang/phuong-de-tham---tp.-cao-bang,22.67953,106.215361,5,3,28.3,2,980.6,66.2,5,4,16,6
2025-03-14 17:00:00,13688,"Cao Bằng/Phường Đề Thám , TP. Cao Bằng, Vietnam",Cao Bằng,https://aqicn.org/city/vietnam/cao-bang/phuong-de-tham---tp.-cao-bang,22.6782,106.245,5,3,28.3,2,980.6,66.2,5,4,16,6
2025-03-14 19:00:00,13688,"Cao Bằng/Phường Đề Thám , TP. Cao Bằng, Vietnam",Cao Bằng,https://aqicn.org/city/vietnam/cao-bang/phuong-de-tham---tp.-cao-bang,22.67953,106.215361,6,3,28.3,2,980.6,66.2,6,4,15,8
2025-03-14 19:00:00,13688,"Cao Bằng/Phường Đề Thám , TP. Cao Bằng, Vietnam",Cao Bằng,https://aqicn.org/city/vietnam/cao-bang/phuong-de-tham---tp.-cao-bang,22.6782,106.245,6,3,28.3,2,980.6,66.2,6,4,15,8
2025-03-14 20:00:00,13688,"Cao Bằng/Phường Đề Thám , TP. Cao Bằng, Vietnam",Cao Bằng,https://aqicn.org/city/vietnam/cao-bang/phuong-de-tham---tp.-cao-bang,22.67953,106.215361,6,4,24.7,1,981.4,78.5,6,5,15,8
2025-03-14 20:00:00,13688,"Cao Bằng/Phường Đề Thám , TP. Cao Bằng, Vietnam",Cao Bằng,https://aqicn.org/city/vietnam/cao-bang/phuong-de-tham---tp.-cao-bang,22.6782,106.245,6,4,24.7,1,981.4,78.5,6,5,15,8
2025-03-14 21:00:00,13688,"Cao Bằng/Phường Đề Thám , TP. Cao Bằng, Vietnam",Cao Bằng,https://aqicn.org/city/vietnam/cao-bang/phuong-de-tham---tp.-cao-bang,22.67953,106.215361,8,10,24.7,1,981.4,78.5,8,5,11,9
2025-03-14 21:00:00,13688,"Cao Bằng/Phường Đề Thám , TP. Cao Bằng, Vietnam",Cao Bằng,https://aqicn.org/city/vietnam/cao-bang/phuong-de-tham---tp.-cao-bang,22.6782,106.245,8,10,24.7,1,981.4,78.5,8,5,11,9
2025-03-14 22:00:00,13688,"Cao Bằng/Phường Đề Thám , TP. Cao Bằng, Vietnam",Cao Bằng,https://aqicn.org/city/vietnam/cao-bang/phuong-de-tham---tp.-cao-bang,22.67953,106.215361,8,9,24.7,1,981.4,78.5,8,6,5,10
2025-03-14 22:00:00,13688,"Cao Bằng/Phường Đề Thám , TP. Cao Bằng, Vietnam",Cao Bằng,https://aqicn.org/city/vietnam/cao-bang/phuong-de-tham---tp.-cao-bang,22.6782,106.245,8,9,24.7,1,981.4,78.5,8,6,5,10
2025-03-14 23:00:00,13688,"Cao Bằng/Phường Đề Thám , TP. Cao Bằng, Vietnam",Cao Bằng,https://aqicn.org/city/vietnam/cao-bang/phuong-de-tham---tp.-cao-bang,22.67953,106.215361,9,8,24.1,2,983.1,82.8,9,7,2,14
2025-03-14 23:00:00,13688,"Cao Bằng/Phường Đề Thám , TP. Cao Bằng, Vietnam",Cao Bằng,https://aqicn.org/city/vietnam/cao-bang/phuong-de-tham---tp.-cao-bang,22.6782,106.245,9,8,24.1,2,983.1,82.8,9,7,2,14
2025-03-15 00:00:00,13688,"Cao Bằng/Phường Đề Thám , TP. Cao Bằng, Vietnam",Cao Bằng,https://aqicn.org/city/vietnam/cao-bang/phuong-de-tham---tp.-cao-bang,22.67953,106.215361,10,7,24.1,2,983.1,82.8,10,7,2,12
2025-03-15 00:00:00,13688,"Cao Bằng/Phường Đề Thám , TP. Cao Bằng, Vietnam",Cao Bằng,https://aqicn.org/city/vietnam/cao-bang/phuong-de-tham---tp.-cao-bang,22.6782,106.245,10,7,24.1,2,983.1,82.8,10,7,2,12
2025-03-15 01:00:00,13688,"Cao Bằng/Phường Đề Thám , TP. Cao Bằng, Vietnam",Cao Bằng,https://aqicn.org/city/vietnam/cao-bang/phuong-de-tham---tp.-cao-bang,22.67953,106.215361,9,6,24.1,2,983.1,82.8,9,6,2,9
2025-03-15 01:00:00,13688,"Cao Bằng/Phường Đề Thám , TP. Cao Bằng, Vietnam",Cao Bằng,https://aqicn.org/city/vietnam/cao-bang/phuong-de-tham---tp.-cao-bang,22.6782,106.245,9,6,24.1,2,983.1,82.8,9,6,2,9
2025-03-15 01:00:00,13688,"Cao Bằng/Phường Đề Thám , TP. Cao Bằng, Vietnam",Cao Bằng,https://aqicn.org/city/vietnam/cao-bang/phuong-de-tham---tp.-cao-bang,22.67953,106.215361,9,6,24.1,2,983.1,82.8,9,6,2,9
2025-03-15 01:00:00,13688,"Cao Bằng/Phường Đề Thám , TP. Cao Bằng, Vietnam",Cao Bằng,https://aqicn.org/city/vietnam/cao-bang/phuong-de-tham---tp.-cao-bang,22.6782,106.245,9,6,24.1,2,983.1,82.8,9,6,2,9
2025-03-15 03:00:00,13688,"Cao Bằng/Phường Đề Thám , TP. Cao Bằng, Vietnam",Cao Bằng,https://aqicn.org/city/vietnam/cao-bang/phuong-de-tham---tp.-cao-bang,22.67953,106.215361,9,5,22.1,2,982.8,92.3,9,6,3,8
2025-03-15 03:00:00,13688,"Cao Bằng/Phường Đề Thám , TP. Cao Bằng, Vietnam",Cao Bằng,https://aqicn.org/city/vietnam/cao-bang/phuong-de-tham---tp.-cao-bang,22.6782,106.245,9,5,22.1,2,982.8,92.3,9,6,3,8
2025-03-15 03:00:00,13688,"Cao Bằng/Phường Đề Thám , TP. Cao Bằng, Vietnam",Cao Bằng,https://aqicn.org/city/vietnam/cao-bang/phuong-de-tham---tp.-cao-bang,22.67953,106.215361,9,5,22.1,2,982.8,92.3,9,6,3,8
2025-03-15 03:00:00,13688,"Cao Bằng/Phường Đề Thám , TP. Cao Bằng, Vietnam",Cao Bằng,https://aqicn.org/city/vietnam/cao-bang/phuong-de-tham---tp.-cao-bang,22.6782,106.245,9,5,22.1,2,982.8,92.3,9,6,3,8
2025-03-15 05:00:00,13688,"Cao Bằng/Phường Đề Thám , TP. Cao Bằng, Vietnam",Cao Bằng,https://aqicn.org/city/vietnam/cao-bang/phuong-de-tham---tp.-cao-bang,22.67953,106.215361,9,6,21.6,1,982.7,93.5,9,6,2,7
2025-03-15 05:00:00,13688,"Cao Bằng/Phường Đề Thám , TP. Cao Bằng, Vietnam",Cao Bằng,https://aqicn.org/city/vietnam/cao-bang/phuong-de-tham---tp.-cao-bang,22.6782,106.245,9,6,21.6,1,982.7,93.5,9,6,2,7
2025-03-15 06:00:00,13688,"Cao Bằng/Phường Đề Thám , TP. Cao Bằng, Vietnam",Cao Bằng,https://aqicn.org/city/vietnam/cao-bang/phuong-de-tham---tp.-cao-bang,22.67953,106.215361,9,6,21.6,1,982.7,93.5,9,6,2,8
2025-03-15 06:00:00,13688,"Cao Bằng/Phường Đề Thám , TP. Cao Bằng, Vietnam",Cao Bằng,https://aqicn.org/city/vietnam/cao-bang/phuong-de-tham---tp.-cao-bang,22.6782,106.245,9,6,21.6,1,982.7,93.5,9,6,2,8
2025-03-15 07:00:00,13688,"Cao Bằng/Phường Đề Thám , TP. Cao Bằng, Vietnam",Cao Bằng,https://aqicn.org/city/vietnam/cao-bang/phuong-de-tham---tp.-cao-bang,22.67953,106.215361,10,6,21.6,1,982.7,93.5,10,6,1,7
2025-03-15 07:00:00,13688,"Cao Bằng/Phường Đề Thám , TP. Cao Bằng, Vietnam",Cao Bằng,https://aqicn.org/city/vietnam/cao-bang/phuong-de-tham---tp.-cao-bang,22.6782,106.245,10,6,21.6,1,982.7,93.5,10,6,1,7
2025-03-15 09:00:00,13688,"Cao Bằng/Phường Đề Thám , TP. Cao Bằng, Vietnam",Cao Bằng,https://aqicn.org/city/vietnam/cao-bang/phuong-de-tham---tp.-cao-bang,22.67953,106.215361,11,6,21.6,1,985.2,94,11,8,2,9
2025-03-15 09:00:00,13688,"Cao Bằng/Phường Đề Thám , TP. Cao Bằng, Vietnam",Cao Bằng,https://aqicn.org/city/vietnam/cao-bang/phuong-de-tham---tp.-cao-bang,22.6782,106.245,11,6,21.6,1,985.2,94,11,8,2,9
2025-03-15 10:00:00,13688,"Cao Bằng/Phường Đề Thám , TP. Cao Bằng, Vietnam",Cao Bằng,https://aqicn.org/city/vietnam/cao-bang/phuong-de-tham---tp.-cao-bang,22.67953,106.215361,12,6,21.6,1,985.2,94,12,8,3,10
2025-03-15 10:00:00,13688,"Cao Bằng/Phường Đề Thám , TP. Cao Bằng, Vietnam",Cao Bằng,https://aqicn.org/city/vietnam/cao-bang/phuong-de-tham---tp.-cao-bang,22.6782,106.245,12,6,21.6,1,985.2,94,12,8,3,10
2025-03-15 11:00:00,13688,"Cao Bằng/Phường Đề Thám , TP. Cao Bằng, Vietnam",Cao Bằng,https://aqicn.org/city/vietnam/cao-bang/phuong-de-tham---tp.-cao-bang,22.67953,106.215361,12,6,21.6,1,985.2,94,12,9,4,13
2025-03-15 11:00:00,13688,"Cao Bằng/Phường Đề Thám , TP. Cao Bằng, Vietnam",Cao Bằng,https://aqicn.org/city/vietnam/cao-bang/phuong-de-tham---tp.-cao-bang,22.6782,106.245,12,6,21.6,1,985.2,94,12,9,4,13
2025-03-15 11:00:00,13688,"Cao Bằng/Phường Đề Thám , TP. Cao Bằng, Vietnam",Cao Bằng,https://aqicn.org/city/vietnam/cao-bang/phuong-de-tham---tp.-cao-bang,22.67953,106.215361,12,6,21.6,1,985.2,94,12,9,4,13
2025-03-15 11:00:00,13688,"Cao Bằng/Phường Đề Thám , TP. Cao Bằng, Vietnam",Cao Bằng,https://aqicn.org/city/vietnam/cao-bang/phuong-de-tham---tp.-cao-bang,22.6782,106.245,12,6,21.6,1,985.2,94,12,9,4,13
2025-03-15 13:00:00,13688,"Cao Bằng/Phường Đề Thám , TP. Cao Bằng, Vietnam",Cao Bằng,https://aqicn.org/city/vietnam/cao-bang/phuong-de-tham---tp.-cao-bang,22.67953,106.215361,8,4,21.6,1,985.2,94,8,7,9,6
2025-03-15 13:00:00,13688,"Cao Bằng/Phường Đề Thám , TP. Cao Bằng, Vietnam",Cao Bằng,https://aqicn.org/city/vietnam/cao-bang/phuong-de-tham---tp.-cao-bang,22.6782,106.245,8,4,21.6,1,985.2,94,8,7,9,6
2025-03-15 14:00:00,13688,"Cao Bằng/Phường Đề Thám , TP. Cao Bằng, Vietnam",Cao Bằng,https://aqicn.org/city/vietnam/cao-bang/phuong-de-tham---tp.-cao-bang,22.67953,106.215361,8,4,24.2,7,985.6,65.8,8,7,7,6
2025-03-15 14:00:00,13688,"Cao Bằng/Phường Đề Thám , TP. Cao Bằng, Vietnam",Cao Bằng,https://aqicn.org/city/vietnam/cao-bang/phuong-de-tham---tp.-cao-bang,22.6782,106.245,8,4,24.2,7,985.6,65.8,8,7,7,6
2025-03-15 15:00:00,13688,"Cao Bằng/Phường Đề Thám , TP. Cao Bằng, Vietnam",Cao Bằng,https://aqicn.org/city/vietnam/cao-bang/phuong-de-tham---tp.-cao-bang,22.67953,106.215361,8,4,24.2,7,985.6,65.8,8,7,6,8
2025-03-15 15:00:00,13688,"Cao Bằng/Phường Đề Thám , TP. Cao Bằng, Vietnam",Cao Bằng,https://aqicn.org/city/vietnam/cao-bang/phuong-de-tham---tp.-cao-bang,22.6782,106.245,8,4,24.2,7,985.6,65.8,8,7,6,8
2025-03-15 16:00:00,13688,"Cao Bằng/Phường Đề Thám , TP. Cao Bằng, Vietnam",Cao Bằng,https://aqicn.org/city/vietnam/cao-bang/phuong-de-tham---tp.-cao-bang,22.67953,106.215361,8,4,24.2,7,985.6,65.8,8,7,6,9
2025-03-15 16:00:00,13688,"Cao Bằng/Phường Đề Thám , TP. Cao Bằng, Vietnam",Cao Bằng,https://aqicn.org/city/vietnam/cao-bang/phuong-de-tham---tp.-cao-bang,22.6782,106.245,8,4,24.2,7,985.6,65.8,8,7,6,9
2025-03-15 17:00:00,13688,"Cao Bằng/Phường Đề Thám , TP. Cao Bằng, Vietnam",Cao Bằng,https://aqicn.org/city/vietnam/cao-bang/phuong-de-tham---tp.-cao-bang,22.67953,106.215361,8,4,22.2,1,986,65.8,8,7,6,9
2025-03-15 17:00:00,13688,"Cao Bằng/Phường Đề Thám , TP. Cao Bằng, Vietnam",Cao Bằng,https://aqicn.org/city/vietnam/cao-bang/phuong-de-tham---tp.-cao-bang,22.6782,106.245,8,4,22.2,1,986,65.8,8,7,6,9
2025-03-15 17:00:00,13688,"Cao Bằng/Phường Đề Thám , TP. Cao Bằng, Vietnam",Cao Bằng,https://aqicn.org/city/vietnam/cao-bang/phuong-de-tham---tp.-cao-bang,22.67953,106.215361,8,4,22.2,1,986,65.8,8,7,6,9
2025-03-15 17:00:00,13688,"Cao Bằng/Phường Đề Thám , TP. Cao Bằng, Vietnam",Cao Bằng,https://aqicn.org/city/vietnam/cao-bang/phuong-de-tham---tp.-cao-bang,22.6782,106.245,8,4,22.2,1,986,65.8,8,7,6,9
